[debug] [2025-07-09T09:31:33.543Z] ----------------------------------------------------------------------
[debug] [2025-07-09T09:31:33.546Z] Command:       C:\Program Files\nodejs\node.exe C:\Users\jagad\AppData\Roaming\npm\node_modules\firebase-tools\lib\bin\firebase.js deploy --only functions
[debug] [2025-07-09T09:31:33.546Z] CLI Version:   14.9.0
[debug] [2025-07-09T09:31:33.546Z] Platform:      win32
[debug] [2025-07-09T09:31:33.546Z] Node Version:  v22.17.0
[debug] [2025-07-09T09:31:33.547Z] Time:          Wed Jul 09 2025 15:01:33 GMT+0530 (India Standard Time)
[debug] [2025-07-09T09:31:33.547Z] ----------------------------------------------------------------------
[debug] 
[debug] [2025-07-09T09:31:33.747Z] > command requires scopes: ["email","openid","https://www.googleapis.com/auth/cloudplatformprojects.readonly","https://www.googleapis.com/auth/firebase","https://www.googleapis.com/auth/cloud-platform"]
[debug] [2025-07-09T09:31:33.748Z] > authorizing via signed-in user (jagadeeswar079@gmail.com)
[debug] [2025-07-09T09:31:33.748Z] [iam] checking project univo-b6042 for permissions ["cloudfunctions.functions.create","cloudfunctions.functions.delete","cloudfunctions.functions.get","cloudfunctions.functions.list","cloudfunctions.functions.update","cloudfunctions.operations.get","firebase.projects.get"]
[debug] [2025-07-09T09:31:33.749Z] Checked if tokens are valid: false, expires at: 1752054047228
[debug] [2025-07-09T09:31:33.750Z] Checked if tokens are valid: false, expires at: 1752054047228
[debug] [2025-07-09T09:31:33.750Z] > refreshing access token with scopes: []
[debug] [2025-07-09T09:31:33.752Z] >>> [apiv2][query] POST https://www.googleapis.com/oauth2/v3/token [none]
[debug] [2025-07-09T09:31:33.752Z] >>> [apiv2][body] POST https://www.googleapis.com/oauth2/v3/token [omitted]
[debug] [2025-07-09T09:31:34.033Z] <<< [apiv2][status] POST https://www.googleapis.com/oauth2/v3/token 200
[debug] [2025-07-09T09:31:34.034Z] <<< [apiv2][body] POST https://www.googleapis.com/oauth2/v3/token [omitted]
[debug] [2025-07-09T09:31:34.051Z] >>> [apiv2][query] POST https://cloudresourcemanager.googleapis.com/v1/projects/univo-b6042:testIamPermissions [none]
[debug] [2025-07-09T09:31:34.051Z] >>> [apiv2][(partial)header] POST https://cloudresourcemanager.googleapis.com/v1/projects/univo-b6042:testIamPermissions x-goog-quota-user=projects/univo-b6042
[debug] [2025-07-09T09:31:34.051Z] >>> [apiv2][body] POST https://cloudresourcemanager.googleapis.com/v1/projects/univo-b6042:testIamPermissions {"permissions":["cloudfunctions.functions.create","cloudfunctions.functions.delete","cloudfunctions.functions.get","cloudfunctions.functions.list","cloudfunctions.functions.update","cloudfunctions.operations.get","firebase.projects.get"]}
[debug] [2025-07-09T09:31:35.558Z] <<< [apiv2][status] POST https://cloudresourcemanager.googleapis.com/v1/projects/univo-b6042:testIamPermissions 200
[debug] [2025-07-09T09:31:35.558Z] <<< [apiv2][body] POST https://cloudresourcemanager.googleapis.com/v1/projects/univo-b6042:testIamPermissions {"permissions":["cloudfunctions.functions.create","cloudfunctions.functions.delete","cloudfunctions.functions.get","cloudfunctions.functions.list","cloudfunctions.functions.update","cloudfunctions.operations.get","firebase.projects.get"]}
[debug] [2025-07-09T09:31:35.559Z] Checked if tokens are valid: true, expires at: 1752057093034
[debug] [2025-07-09T09:31:35.559Z] Checked if tokens are valid: true, expires at: 1752057093034
[debug] [2025-07-09T09:31:35.559Z] >>> [apiv2][query] POST https://iam.googleapis.com/v1/projects/univo-b6042/serviceAccounts/univo-b6042@appspot.gserviceaccount.com:testIamPermissions [none]
[debug] [2025-07-09T09:31:35.559Z] >>> [apiv2][body] POST https://iam.googleapis.com/v1/projects/univo-b6042/serviceAccounts/univo-b6042@appspot.gserviceaccount.com:testIamPermissions {"permissions":["iam.serviceAccounts.actAs"]}
[debug] [2025-07-09T09:31:37.336Z] <<< [apiv2][status] POST https://iam.googleapis.com/v1/projects/univo-b6042/serviceAccounts/univo-b6042@appspot.gserviceaccount.com:testIamPermissions 200
[debug] [2025-07-09T09:31:37.336Z] <<< [apiv2][body] POST https://iam.googleapis.com/v1/projects/univo-b6042/serviceAccounts/univo-b6042@appspot.gserviceaccount.com:testIamPermissions {"permissions":["iam.serviceAccounts.actAs"]}
[info] 
[info] === Deploying to 'univo-b6042'...
[info] 
[info] i  deploying functions 
[info] Running command: npm run build
[info] +  functions: Finished running predeploy script. 
[debug] [2025-07-09T09:31:39.262Z] Checked if tokens are valid: true, expires at: 1752057093034
[debug] [2025-07-09T09:31:39.262Z] Checked if tokens are valid: true, expires at: 1752057093034
[debug] [2025-07-09T09:31:39.262Z] >>> [apiv2][query] GET https://cloudresourcemanager.googleapis.com/v1/projects/univo-b6042 [none]
[debug] [2025-07-09T09:31:39.613Z] <<< [apiv2][status] GET https://cloudresourcemanager.googleapis.com/v1/projects/univo-b6042 200
[debug] [2025-07-09T09:31:39.613Z] <<< [apiv2][body] GET https://cloudresourcemanager.googleapis.com/v1/projects/univo-b6042 {"projectNumber":"320945078293","projectId":"univo-b6042","lifecycleState":"ACTIVE","name":"univo","labels":{"firebase":"enabled","firebase-core":"disabled"},"createTime":"2025-07-09T02:51:00.217677Z"}
[info] i  functions: preparing codebase default for deployment 
[info] i  functions: ensuring required API cloudfunctions.googleapis.com is enabled... 
[info] i  functions: ensuring required API cloudbuild.googleapis.com is enabled... 
[info] i  artifactregistry: ensuring required API artifactregistry.googleapis.com is enabled... 
[debug] [2025-07-09T09:31:39.615Z] Checked if tokens are valid: true, expires at: 1752057093034
[debug] [2025-07-09T09:31:39.616Z] Checked if tokens are valid: true, expires at: 1752057093034
[debug] [2025-07-09T09:31:39.616Z] >>> [apiv2][query] GET https://firebase.googleapis.com/v1beta1/projects/univo-b6042/adminSdkConfig [none]
[debug] [2025-07-09T09:31:40.118Z] <<< [apiv2][status] GET https://firebase.googleapis.com/v1beta1/projects/univo-b6042/adminSdkConfig 200
[debug] [2025-07-09T09:31:40.118Z] <<< [apiv2][body] GET https://firebase.googleapis.com/v1beta1/projects/univo-b6042/adminSdkConfig {"projectId":"univo-b6042","storageBucket":"univo-b6042.firebasestorage.app"}
[debug] [2025-07-09T09:31:40.118Z] Checked if tokens are valid: true, expires at: 1752057093034
[debug] [2025-07-09T09:31:40.118Z] Checked if tokens are valid: true, expires at: 1752057093034
[debug] [2025-07-09T09:31:40.118Z] >>> [apiv2][query] GET https://runtimeconfig.googleapis.com/v1beta1/projects/univo-b6042/configs [none]
[debug] [2025-07-09T09:31:40.620Z] <<< [apiv2][status] GET https://runtimeconfig.googleapis.com/v1beta1/projects/univo-b6042/configs 200
[debug] [2025-07-09T09:31:40.620Z] <<< [apiv2][body] GET https://runtimeconfig.googleapis.com/v1beta1/projects/univo-b6042/configs {"configs":[{"name":"projects/univo-b6042/configs/env"}]}
[debug] [2025-07-09T09:31:40.620Z] Checked if tokens are valid: true, expires at: 1752057093034
[debug] [2025-07-09T09:31:40.621Z] Checked if tokens are valid: true, expires at: 1752057093034
[debug] [2025-07-09T09:31:40.621Z] >>> [apiv2][query] GET https://runtimeconfig.googleapis.com/v1beta1/projects/univo-b6042/configs/env/variables [none]
[debug] [2025-07-09T09:31:40.997Z] <<< [apiv2][status] GET https://runtimeconfig.googleapis.com/v1beta1/projects/univo-b6042/configs/env/variables 200
[debug] [2025-07-09T09:31:40.997Z] <<< [apiv2][body] GET https://runtimeconfig.googleapis.com/v1beta1/projects/univo-b6042/configs/env/variables {"variables":[{"name":"projects/univo-b6042/configs/env/variables/razorpay_secret_key","updateTime":"2025-07-09T08:02:15.366524532Z"},{"name":"projects/univo-b6042/configs/env/variables/google_cloud_private_key","updateTime":"2025-07-09T08:02:20.608575484Z"},{"name":"projects/univo-b6042/configs/env/variables/jwt_expiry","updateTime":"2025-07-09T08:02:17.449038035Z"},{"name":"projects/univo-b6042/configs/env/variables/google_cloud_project_id","updateTime":"2025-07-09T08:02:20.406794862Z"},{"name":"projects/univo-b6042/configs/env/variables/jwt_secret","updateTime":"2025-07-09T08:02:21.393552989Z"},{"name":"projects/univo-b6042/configs/env/variables/nodemailer_pass","updateTime":"2025-07-09T08:02:14.850012998Z"},{"name":"projects/univo-b6042/configs/env/variables/razorpay_key_id","updateTime":"2025-07-09T08:02:17.759237441Z"},{"name":"projects/univo-b6042/configs/env/variables/google_cloud_client_email","updateTime":"2025-07-09T08:02:18.461404233Z"},{"name":"projects/univo-b6042/configs/env/variables/nodemailer_user","updateTime":"2025-07-09T08:02:15.878638126Z"}]}
[debug] [2025-07-09T09:31:40.998Z] Checked if tokens are valid: true, expires at: 1752057093034
[debug] [2025-07-09T09:31:40.998Z] Checked if tokens are valid: true, expires at: 1752057093034
[debug] [2025-07-09T09:31:40.998Z] Checked if tokens are valid: true, expires at: 1752057093034
[debug] [2025-07-09T09:31:40.998Z] Checked if tokens are valid: true, expires at: 1752057093034
[debug] [2025-07-09T09:31:40.998Z] Checked if tokens are valid: true, expires at: 1752057093034
[debug] [2025-07-09T09:31:40.998Z] Checked if tokens are valid: true, expires at: 1752057093034
[debug] [2025-07-09T09:31:40.998Z] Checked if tokens are valid: true, expires at: 1752057093034
[debug] [2025-07-09T09:31:40.998Z] Checked if tokens are valid: true, expires at: 1752057093034
[debug] [2025-07-09T09:31:40.998Z] Checked if tokens are valid: true, expires at: 1752057093034
[debug] [2025-07-09T09:31:40.998Z] Checked if tokens are valid: true, expires at: 1752057093034
[debug] [2025-07-09T09:31:40.998Z] Checked if tokens are valid: true, expires at: 1752057093034
[debug] [2025-07-09T09:31:40.998Z] Checked if tokens are valid: true, expires at: 1752057093034
[debug] [2025-07-09T09:31:40.998Z] Checked if tokens are valid: true, expires at: 1752057093034
[debug] [2025-07-09T09:31:40.998Z] Checked if tokens are valid: true, expires at: 1752057093034
[debug] [2025-07-09T09:31:40.998Z] Checked if tokens are valid: true, expires at: 1752057093034
[debug] [2025-07-09T09:31:40.998Z] Checked if tokens are valid: true, expires at: 1752057093034
[debug] [2025-07-09T09:31:40.999Z] Checked if tokens are valid: true, expires at: 1752057093034
[debug] [2025-07-09T09:31:40.999Z] Checked if tokens are valid: true, expires at: 1752057093034
[debug] [2025-07-09T09:31:40.999Z] >>> [apiv2][query] GET https://runtimeconfig.googleapis.com/v1beta1/projects/univo-b6042/configs/env/variables/razorpay_secret_key [none]
[debug] [2025-07-09T09:31:40.999Z] >>> [apiv2][query] GET https://runtimeconfig.googleapis.com/v1beta1/projects/univo-b6042/configs/env/variables/google_cloud_private_key [none]
[debug] [2025-07-09T09:31:41.001Z] >>> [apiv2][query] GET https://runtimeconfig.googleapis.com/v1beta1/projects/univo-b6042/configs/env/variables/jwt_expiry [none]
[debug] [2025-07-09T09:31:41.002Z] >>> [apiv2][query] GET https://runtimeconfig.googleapis.com/v1beta1/projects/univo-b6042/configs/env/variables/google_cloud_project_id [none]
[debug] [2025-07-09T09:31:41.003Z] >>> [apiv2][query] GET https://runtimeconfig.googleapis.com/v1beta1/projects/univo-b6042/configs/env/variables/jwt_secret [none]
[debug] [2025-07-09T09:31:41.005Z] >>> [apiv2][query] GET https://runtimeconfig.googleapis.com/v1beta1/projects/univo-b6042/configs/env/variables/nodemailer_pass [none]
[debug] [2025-07-09T09:31:41.006Z] >>> [apiv2][query] GET https://runtimeconfig.googleapis.com/v1beta1/projects/univo-b6042/configs/env/variables/razorpay_key_id [none]
[debug] [2025-07-09T09:31:41.007Z] >>> [apiv2][query] GET https://runtimeconfig.googleapis.com/v1beta1/projects/univo-b6042/configs/env/variables/google_cloud_client_email [none]
[debug] [2025-07-09T09:31:41.008Z] >>> [apiv2][query] GET https://runtimeconfig.googleapis.com/v1beta1/projects/univo-b6042/configs/env/variables/nodemailer_user [none]
[debug] [2025-07-09T09:31:41.351Z] <<< [apiv2][status] GET https://runtimeconfig.googleapis.com/v1beta1/projects/univo-b6042/configs/env/variables/jwt_expiry 200
[debug] [2025-07-09T09:31:41.352Z] <<< [apiv2][body] GET https://runtimeconfig.googleapis.com/v1beta1/projects/univo-b6042/configs/env/variables/jwt_expiry {"name":"projects/univo-b6042/configs/env/variables/jwt_expiry","updateTime":"2025-07-09T08:02:17.449038035Z","text":"1h"}
[debug] [2025-07-09T09:31:41.359Z] <<< [apiv2][status] GET https://runtimeconfig.googleapis.com/v1beta1/projects/univo-b6042/configs/env/variables/google_cloud_private_key 200
[debug] [2025-07-09T09:31:41.359Z] <<< [apiv2][body] GET https://runtimeconfig.googleapis.com/v1beta1/projects/univo-b6042/configs/env/variables/google_cloud_private_key {"name":"projects/univo-b6042/configs/env/variables/google_cloud_private_key","updateTime":"2025-07-09T08:02:20.608575484Z","text":"-----BEGIN PRIVATE KEY-----\\nMIIEvQIBADANBgkqhkiG9w0BAQEFAASCBKcwggSjAgEAAoIBAQDFVmPydRCXlANn\\nDhzPj6h3Z2Fl2xATD8oFu+I46CBMAgvQM3dlLmifMjGNx30N4aeXwRrc71uGBjvQ\\nRr17tPCX95Q9ipPUjlQtphVLJcCJSYHklkr6O96sRhUMXn3N2UrPZeXGFdQcwZEN\\nU/CTOwRoJu6Sw49LYzTfC4iZEY7p/0lrAg4WBz5CapguflzEVFvw+sv7O8u9DDDF\\nXTHuNdmZ0oVzJfdzUWju/hx8wMjSRfSXoqxxYwnjtaD+qL42+wgzGtFB5vlmf5/q\\nkI/B3NQ+HMa6LfdTfXLdFNoT/UFXnizAyVzJwN0auDItIhVqDYG2XuLzoyiTviPq\\nfaTpJF1FAgMBAAECggEAM5Ot0cwJByUXcpL8sr9Ab9zkVwPXgrPowHDn4qnA7zzF\\nq6gX96kWjS1ISF8wbzVgYUiGZeJlkHUGoxwqIDAdhgqegys6Eh8VH00+WYLHfNpq\\nib1CYX7OZ0Z17+KujOPTKrveP1SrOMzaxZn/0etl7nbmehOE21ZVlkpkbGVrbfrm\\nmTLbaOkS6jF8mJArco2gKJ0TkndGm075IZPWc5wgzvoyVSPFtqXosaFzgWBnmDYM\\nIhYinlg/bR1+5PmPapzrMkpfU8NXTDwEEHsdurwFiuk5h3jq//CKoSIJ30Wg+hwq\\nuRTJZb95OOBlmxmbYG/VoGsZFDiZ0cSzm3sxI59k7QKBgQDukbnEZnNsaHHNNMEC\\nIfh1K0ujs10n99QVM5O+G0LPIC3EtydpVdSG8TeWsdCj6UweS7zkd+ZSf5+75YkJ\\n8JuSW1DJfebZ3qOd/v4Bth+D/Arql6tS/ibYrToeN1Z7eA/sMuxvHFh19IZvESvq\\nOpAw2MHh2nQVr262Dfo0W09S3wKBgQDTwXPcDL1qWbggkTMyzw9EA1hw95XPRIuh\\njADmRPG/1hDg2NZiUZ+BldfIVRCe+Zm/dTe3YMMRXzMVSkHwNBMfOyrtWuTzlSQl\\nAS5MQiUAKqdeA9Xs+F6mPOB5CU0FomHG8Io6cahxyPxLkYEMnxlFNFh8sTLPPk3D\\nvCjcdnMYWwKBgHMfPR6KNb6lc+0LPOwTinq4Bssa/aQQ0nXcqrm9G/MpWwynOUx6\\nT5FCi4mbisveA45HDALP3QQIdANO019JjTkF+akRqTmPVzMh3l7jDLg7AuWLhPAK\\nlqJOjVIRcBkqqbxYIoHHkuRwuAKWrbNcyUHZB04+hXAFdQ5DFm73dQLPAoGBAJr0\\nA+kxdWYecyt5tSJn/H7Dh/NaaUi7mwXC4mGeb9z2M3GlmvNlUThNQxK4lKoQch51\\nEylgaD4NEN9ycF/qa1e+P0Ji8gkAyOs/OvbYrCS8Ea8tVVzLvs8c2xIW6ULHOY+P\\nM0djJmTlMyHFPs7SmXZXwKy2Kj0XFWa3CJuTHdPjAoGAVdpbLXUf7uPMyh9w/Lbq\\nkisbJ5VeEvdPhqXNIbXr5G8K5guLat2TbkA3SCYifHchaPL3t73lvrur/OqIK2BB\\n6QRIHbfssTfpUuKdwEbpn5O1GditcFI+yID+AH04Yp5ai6QUZFXGGh9mMtEwM5g8\\nzl1xcZnLlymm9BN8REo09yM=\\n-----END PRIVATE KEY-----\\n"}
[debug] [2025-07-09T09:31:41.360Z] <<< [apiv2][status] GET https://runtimeconfig.googleapis.com/v1beta1/projects/univo-b6042/configs/env/variables/nodemailer_pass 200
[debug] [2025-07-09T09:31:41.360Z] <<< [apiv2][body] GET https://runtimeconfig.googleapis.com/v1beta1/projects/univo-b6042/configs/env/variables/nodemailer_pass {"name":"projects/univo-b6042/configs/env/variables/nodemailer_pass","updateTime":"2025-07-09T08:02:14.850012998Z","text":"ywsb hwwu tpky vsce"}
[debug] [2025-07-09T09:31:41.377Z] <<< [apiv2][status] GET https://runtimeconfig.googleapis.com/v1beta1/projects/univo-b6042/configs/env/variables/jwt_secret 200
[debug] [2025-07-09T09:31:41.377Z] <<< [apiv2][body] GET https://runtimeconfig.googleapis.com/v1beta1/projects/univo-b6042/configs/env/variables/jwt_secret {"name":"projects/univo-b6042/configs/env/variables/jwt_secret","updateTime":"2025-07-09T08:02:21.393552989Z","text":"jagadeeswar@123"}
[debug] [2025-07-09T09:31:41.404Z] <<< [apiv2][status] GET https://runtimeconfig.googleapis.com/v1beta1/projects/univo-b6042/configs/env/variables/google_cloud_project_id 200
[debug] [2025-07-09T09:31:41.404Z] <<< [apiv2][body] GET https://runtimeconfig.googleapis.com/v1beta1/projects/univo-b6042/configs/env/variables/google_cloud_project_id {"name":"projects/univo-b6042/configs/env/variables/google_cloud_project_id","updateTime":"2025-07-09T08:02:20.406794862Z","text":"univo-b6042"}
[debug] [2025-07-09T09:31:41.407Z] <<< [apiv2][status] GET https://runtimeconfig.googleapis.com/v1beta1/projects/univo-b6042/configs/env/variables/razorpay_key_id 200
[debug] [2025-07-09T09:31:41.407Z] <<< [apiv2][body] GET https://runtimeconfig.googleapis.com/v1beta1/projects/univo-b6042/configs/env/variables/razorpay_key_id {"name":"projects/univo-b6042/configs/env/variables/razorpay_key_id","updateTime":"2025-07-09T08:02:17.759237441Z","text":"rzp_test_OYOsYO0EkYkTcd"}
[debug] [2025-07-09T09:31:41.407Z] <<< [apiv2][status] GET https://runtimeconfig.googleapis.com/v1beta1/projects/univo-b6042/configs/env/variables/google_cloud_client_email 200
[debug] [2025-07-09T09:31:41.407Z] <<< [apiv2][body] GET https://runtimeconfig.googleapis.com/v1beta1/projects/univo-b6042/configs/env/variables/google_cloud_client_email {"name":"projects/univo-b6042/configs/env/variables/google_cloud_client_email","updateTime":"2025-07-09T08:02:18.461404233Z","text":"firebase-adminsdk-fbsvc@univo-b6042.iam.gserviceaccount.com"}
[debug] [2025-07-09T09:31:41.420Z] <<< [apiv2][status] GET https://runtimeconfig.googleapis.com/v1beta1/projects/univo-b6042/configs/env/variables/nodemailer_user 200
[debug] [2025-07-09T09:31:41.420Z] <<< [apiv2][body] GET https://runtimeconfig.googleapis.com/v1beta1/projects/univo-b6042/configs/env/variables/nodemailer_user {"name":"projects/univo-b6042/configs/env/variables/nodemailer_user","updateTime":"2025-07-09T08:02:15.878638126Z","text":"jagadeeswar079@gmail.com"}
[debug] [2025-07-09T09:31:42.165Z] <<< [apiv2][status] GET https://runtimeconfig.googleapis.com/v1beta1/projects/univo-b6042/configs/env/variables/razorpay_secret_key 200
[debug] [2025-07-09T09:31:42.165Z] <<< [apiv2][body] GET https://runtimeconfig.googleapis.com/v1beta1/projects/univo-b6042/configs/env/variables/razorpay_secret_key {"name":"projects/univo-b6042/configs/env/variables/razorpay_secret_key","updateTime":"2025-07-09T08:02:15.366524532Z","text":"jZlJ8REUiJH1Ksmq4QcTLabV"}
[debug] [2025-07-09T09:31:42.165Z] Validating nodejs source
[debug] [2025-07-09T09:31:43.193Z] > [functions] package.json contents: {
  "name": "univo-server",
  "version": "1.0.0",
  "description": "",
  "main": "lib/index.js",
  "scripts": {
    "start": "ts-node src/server.ts",
    "dev": "nodemon src/server.ts",
    "build": "tsc"
  },
  "keywords": [],
  "author": "",
  "license": "ISC",
  "dependencies": {
    "@types/cors": "^2.8.17",
    "@types/express": "^5.0.0",
    "@types/node": "^22.13.4",
    "bcrypt": "^5.1.1",
    "cors": "^2.8.5",
    "dotenv": "^16.4.7",
    "express": "^4.21.2",
    "express-async-handler": "^1.2.0",
    "firebase-admin": "^13.2.0",
    "firebase-functions": "^6.3.2",
    "jsonwebtoken": "^9.0.2",
    "nodemailer": "^6.10.0",
    "nodemon": "^3.1.9",
    "razorpay": "^2.9.6",
    "ts-node": "^10.9.2",
    "typescript": "^5.7.3",
    "uuid": "^11.1.0"
  },
  "devDependencies": {
    "@types/bcrypt": "^5.0.2",
    "@types/nodemailer": "^6.4.17"
  }
}
[debug] [2025-07-09T09:31:43.193Z] Building nodejs source
[info] i  functions: Loading and analyzing source code for codebase default to determine what to deploy 
[debug] [2025-07-09T09:31:43.195Z] Could not find functions.yaml. Must use http discovery
[debug] [2025-07-09T09:31:43.210Z] Found firebase-functions binary at 'E:\develop\univo\server\node_modules\.bin\firebase-functions'
[info] Serving at port 8055

[info] Firebase initialized successfully

[debug] [2025-07-09T09:31:43.974Z] Got response from /__/functions.yaml {"endpoints":{"api":{"availableMemoryMb":512,"timeoutSeconds":60,"minInstances":null,"maxInstances":10,"ingressSettings":null,"concurrency":null,"serviceAccountEmail":null,"vpc":null,"platform":"gcfv2","region":["us-central1"],"labels":{},"httpsTrigger":{},"entryPoint":"api"}},"specVersion":"v1alpha1","requiredAPIs":[],"extensions":{}}
[info] i  extensions: ensuring required API firebaseextensions.googleapis.com is enabled... 
[debug] [2025-07-09T09:31:48.005Z] > command requires scopes: ["email","openid","https://www.googleapis.com/auth/cloudplatformprojects.readonly","https://www.googleapis.com/auth/firebase","https://www.googleapis.com/auth/cloud-platform"]
[debug] [2025-07-09T09:31:48.005Z] > authorizing via signed-in user (jagadeeswar079@gmail.com)
[debug] [2025-07-09T09:31:48.005Z] [iam] checking project univo-b6042 for permissions ["firebase.projects.get","firebaseextensions.instances.list"]
[debug] [2025-07-09T09:31:48.005Z] Checked if tokens are valid: true, expires at: 1752057093034
[debug] [2025-07-09T09:31:48.005Z] Checked if tokens are valid: true, expires at: 1752057093034
[debug] [2025-07-09T09:31:48.005Z] >>> [apiv2][query] POST https://cloudresourcemanager.googleapis.com/v1/projects/univo-b6042:testIamPermissions [none]
[debug] [2025-07-09T09:31:48.005Z] >>> [apiv2][(partial)header] POST https://cloudresourcemanager.googleapis.com/v1/projects/univo-b6042:testIamPermissions x-goog-quota-user=projects/univo-b6042
[debug] [2025-07-09T09:31:48.006Z] >>> [apiv2][body] POST https://cloudresourcemanager.googleapis.com/v1/projects/univo-b6042:testIamPermissions {"permissions":["firebase.projects.get","firebaseextensions.instances.list"]}
[debug] [2025-07-09T09:31:49.636Z] <<< [apiv2][status] POST https://cloudresourcemanager.googleapis.com/v1/projects/univo-b6042:testIamPermissions 200
[debug] [2025-07-09T09:31:49.636Z] <<< [apiv2][body] POST https://cloudresourcemanager.googleapis.com/v1/projects/univo-b6042:testIamPermissions {"permissions":["firebase.projects.get","firebaseextensions.instances.list"]}
[debug] [2025-07-09T09:31:49.636Z] Checked if tokens are valid: true, expires at: 1752057093034
[debug] [2025-07-09T09:31:49.636Z] Checked if tokens are valid: true, expires at: 1752057093034
[debug] [2025-07-09T09:31:49.636Z] >>> [apiv2][query] GET https://firebaseextensions.googleapis.com/v1beta/projects/univo-b6042/instances pageSize=100&pageToken=
[debug] [2025-07-09T09:31:51.298Z] <<< [apiv2][status] GET https://firebaseextensions.googleapis.com/v1beta/projects/univo-b6042/instances 200
[debug] [2025-07-09T09:31:51.298Z] <<< [apiv2][body] GET https://firebaseextensions.googleapis.com/v1beta/projects/univo-b6042/instances {}
[info] i  functions: Loaded environment variables from .env. 
[info] i  functions: preparing . directory for uploading... 
[info] i  functions: packaged E:\develop\univo\server (120.58 KB) for uploading 
[debug] [2025-07-09T09:31:51.370Z] Checked if tokens are valid: true, expires at: 1752057093034
[debug] [2025-07-09T09:31:51.370Z] Checked if tokens are valid: true, expires at: 1752057093034
[debug] [2025-07-09T09:31:51.370Z] >>> [apiv2][query] GET https://cloudfunctions.googleapis.com/v1/projects/univo-b6042/locations/-/functions [none]
[debug] [2025-07-09T09:31:52.262Z] <<< [apiv2][status] GET https://cloudfunctions.googleapis.com/v1/projects/univo-b6042/locations/-/functions 200
[debug] [2025-07-09T09:31:52.262Z] <<< [apiv2][body] GET https://cloudfunctions.googleapis.com/v1/projects/univo-b6042/locations/-/functions {}
[debug] [2025-07-09T09:31:52.263Z] Checked if tokens are valid: true, expires at: 1752057093034
[debug] [2025-07-09T09:31:52.263Z] Checked if tokens are valid: true, expires at: 1752057093034
[debug] [2025-07-09T09:31:52.263Z] >>> [apiv2][query] GET https://cloudfunctions.googleapis.com/v2/projects/univo-b6042/locations/-/functions filter=environment%3D%22GEN_2%22
[debug] [2025-07-09T09:31:53.891Z] <<< [apiv2][status] GET https://cloudfunctions.googleapis.com/v2/projects/univo-b6042/locations/-/functions 200
[debug] [2025-07-09T09:31:53.891Z] <<< [apiv2][body] GET https://cloudfunctions.googleapis.com/v2/projects/univo-b6042/locations/-/functions {"functions":[{"name":"projects/univo-b6042/locations/us-central1/functions/api","buildConfig":{"build":"projects/320945078293/locations/us-central1/builds/e8d74dad-f08f-479f-a942-6cd735eecfe3","runtime":"nodejs22","entryPoint":"api","source":{"storageSource":{"bucket":"gcf-v2-sources-320945078293-us-central1","object":"api/function-source.zip","generation":"1752053215714282"}},"environmentVariables":{"GOOGLE_NODE_RUN_SCRIPTS":""},"dockerRepository":"projects/univo-b6042/locations/us-central1/repositories/gcf-artifacts","serviceAccount":"projects/univo-b6042/serviceAccounts/320945078293-compute@developer.gserviceaccount.com","automaticUpdatePolicy":{}},"serviceConfig":{"service":"projects/univo-b6042/locations/us-central1/services/api","timeoutSeconds":60,"environmentVariables":{"GOOGLE_CLOUD_PROJECT_ID":"univo-b6042","GOOGLE_CLOUD_PRIVATE_KEY":"-----BEGIN PRIVATE KEY-----\\nMIIEvQIBADANBgkqhkiG9w0BAQEFAASCBKcwggSjAgEAAoIBAQDFVmPydRCXlANn\\nDhzPj6h3Z2Fl2xATD8oFu+I46CBMAgvQM3dlLmifMjGNx30N4aeXwRrc71uGBjvQ\\nRr17tPCX95Q9ipPUjlQtphVLJcCJSYHklkr6O96sRhUMXn3N2UrPZeXGFdQcwZEN\\nU/CTOwRoJu6Sw49LYzTfC4iZEY7p/0lrAg4WBz5CapguflzEVFvw+sv7O8u9DDDF\\nXTHuNdmZ0oVzJfdzUWju/hx8wMjSRfSXoqxxYwnjtaD+qL42+wgzGtFB5vlmf5/q\\nkI/B3NQ+HMa6LfdTfXLdFNoT/UFXnizAyVzJwN0auDItIhVqDYG2XuLzoyiTviPq\\nfaTpJF1FAgMBAAECggEAM5Ot0cwJByUXcpL8sr9Ab9zkVwPXgrPowHDn4qnA7zzF\\nq6gX96kWjS1ISF8wbzVgYUiGZeJlkHUGoxwqIDAdhgqegys6Eh8VH00+WYLHfNpq\\nib1CYX7OZ0Z17+KujOPTKrveP1SrOMzaxZn/0etl7nbmehOE21ZVlkpkbGVrbfrm\\nmTLbaOkS6jF8mJArco2gKJ0TkndGm075IZPWc5wgzvoyVSPFtqXosaFzgWBnmDYM\\nIhYinlg/bR1+5PmPapzrMkpfU8NXTDwEEHsdurwFiuk5h3jq//CKoSIJ30Wg+hwq\\nuRTJZb95OOBlmxmbYG/VoGsZFDiZ0cSzm3sxI59k7QKBgQDukbnEZnNsaHHNNMEC\\nIfh1K0ujs10n99QVM5O+G0LPIC3EtydpVdSG8TeWsdCj6UweS7zkd+ZSf5+75YkJ\\n8JuSW1DJfebZ3qOd/v4Bth+D/Arql6tS/ibYrToeN1Z7eA/sMuxvHFh19IZvESvq\\nOpAw2MHh2nQVr262Dfo0W09S3wKBgQDTwXPcDL1qWbggkTMyzw9EA1hw95XPRIuh\\njADmRPG/1hDg2NZiUZ+BldfIVRCe+Zm/dTe3YMMRXzMVSkHwNBMfOyrtWuTzlSQl\\nAS5MQiUAKqdeA9Xs+F6mPOB5CU0FomHG8Io6cahxyPxLkYEMnxlFNFh8sTLPPk3D\\nvCjcdnMYWwKBgHMfPR6KNb6lc+0LPOwTinq4Bssa/aQQ0nXcqrm9G/MpWwynOUx6\\nT5FCi4mbisveA45HDALP3QQIdANO019JjTkF+akRqTmPVzMh3l7jDLg7AuWLhPAK\\nlqJOjVIRcBkqqbxYIoHHkuRwuAKWrbNcyUHZB04+hXAFdQ5DFm73dQLPAoGBAJr0\\nA+kxdWYecyt5tSJn/H7Dh/NaaUi7mwXC4mGeb9z2M3GlmvNlUThNQxK4lKoQch51\\nEylgaD4NEN9ycF/qa1e+P0Ji8gkAyOs/OvbYrCS8Ea8tVVzLvs8c2xIW6ULHOY+P\\nM0djJmTlMyHFPs7SmXZXwKy2Kj0XFWa3CJuTHdPjAoGAVdpbLXUf7uPMyh9w/Lbq\\nkisbJ5VeEvdPhqXNIbXr5G8K5guLat2TbkA3SCYifHchaPL3t73lvrur/OqIK2BB\\n6QRIHbfssTfpUuKdwEbpn5O1GditcFI+yID+AH04Yp5ai6QUZFXGGh9mMtEwM5g8\\nzl1xcZnLlymm9BN8REo09yM=\\n-----END PRIVATE KEY-----\\n","GOOGLE_CLOUD_CLIENT_EMAIL":"firebase-adminsdk-fbsvc@univo-b6042.iam.gserviceaccount.com","JWT_SECRET":"jagadeeswar@123","JWT_EXPIRY":"1h","NODEMAILER_USER":"jagadeeswar079@gmail.com","NODEMAILER_PASS":"ywsb hwwu tpky vsce","RAZORPAY_KEY_ID":"rzp_test_OYOsYO0EkYkTcd","RAZORPAY_SECRET_KEY":"jZlJ8REUiJH1Ksmq4QcTLabV","FIREBASE_CONFIG":"{\"projectId\":\"univo-b6042\",\"storageBucket\":\"univo-b6042.firebasestorage.app\"}","GCLOUD_PROJECT":"univo-b6042","EVENTARC_CLOUD_EVENT_SOURCE":"projects/univo-b6042/locations/us-central1/services/api","FUNCTION_TARGET":"api","LOG_EXECUTION_ID":"true"},"maxInstanceCount":10,"ingressSettings":"ALLOW_ALL","uri":"https://api-jsbzn4xdwa-uc.a.run.app","serviceAccountEmail":"320945078293-compute@developer.gserviceaccount.com","availableMemory":"512Mi","allTrafficOnLatestRevision":true,"revision":"api-00010-cam","maxInstanceRequestConcurrency":80,"availableCpu":"1"},"state":"ACTIVE","updateTime":"2025-07-09T09:28:00.269017757Z","labels":{"deployment-tool":"cli-firebase","firebase-functions-hash":"2e368207b9cdf536d87e233568fa378a78f82e9d"},"environment":"GEN_2","url":"https://us-central1-univo-b6042.cloudfunctions.net/api","createTime":"2025-07-09T03:20:18.908362820Z","satisfiesPzi":true}]}
[info] i  functions: ensuring required API run.googleapis.com is enabled... 
[info] i  functions: ensuring required API eventarc.googleapis.com is enabled... 
[info] i  functions: ensuring required API pubsub.googleapis.com is enabled... 
[info] i  functions: ensuring required API storage.googleapis.com is enabled... 
[info] i  functions: generating the service identity for pubsub.googleapis.com... 
[debug] [2025-07-09T09:31:53.895Z] Checked if tokens are valid: true, expires at: 1752057093034
[debug] [2025-07-09T09:31:53.895Z] Checked if tokens are valid: true, expires at: 1752057093034
[info] i  functions: generating the service identity for eventarc.googleapis.com... 
[debug] [2025-07-09T09:31:53.895Z] Checked if tokens are valid: true, expires at: 1752057093034
[debug] [2025-07-09T09:31:53.895Z] Checked if tokens are valid: true, expires at: 1752057093034
[debug] [2025-07-09T09:31:53.895Z] >>> [apiv2][query] POST https://serviceusage.googleapis.com/v1beta1/projects/320945078293/services/pubsub.googleapis.com:generateServiceIdentity [none]
[debug] [2025-07-09T09:31:53.895Z] >>> [apiv2][(partial)header] POST https://serviceusage.googleapis.com/v1beta1/projects/320945078293/services/pubsub.googleapis.com:generateServiceIdentity x-goog-quota-user=projects/320945078293
[debug] [2025-07-09T09:31:53.895Z] >>> [apiv2][body] POST https://serviceusage.googleapis.com/v1beta1/projects/320945078293/services/pubsub.googleapis.com:generateServiceIdentity {}
[debug] [2025-07-09T09:31:53.896Z] >>> [apiv2][query] POST https://serviceusage.googleapis.com/v1beta1/projects/320945078293/services/eventarc.googleapis.com:generateServiceIdentity [none]
[debug] [2025-07-09T09:31:53.896Z] >>> [apiv2][(partial)header] POST https://serviceusage.googleapis.com/v1beta1/projects/320945078293/services/eventarc.googleapis.com:generateServiceIdentity x-goog-quota-user=projects/320945078293
[debug] [2025-07-09T09:31:53.896Z] >>> [apiv2][body] POST https://serviceusage.googleapis.com/v1beta1/projects/320945078293/services/eventarc.googleapis.com:generateServiceIdentity {}
[debug] [2025-07-09T09:31:55.730Z] <<< [apiv2][status] POST https://serviceusage.googleapis.com/v1beta1/projects/320945078293/services/eventarc.googleapis.com:generateServiceIdentity 200
[debug] [2025-07-09T09:31:55.730Z] <<< [apiv2][body] POST https://serviceusage.googleapis.com/v1beta1/projects/320945078293/services/eventarc.googleapis.com:generateServiceIdentity {"name":"operations/finished.DONE_OPERATION","done":true,"response":{"@type":"type.googleapis.com/google.api.serviceusage.v1beta1.ServiceIdentity","email":"service-320945078293@gcp-sa-eventarc.iam.gserviceaccount.com","uniqueId":"105388823780674052270"}}
[debug] [2025-07-09T09:31:55.792Z] <<< [apiv2][status] POST https://serviceusage.googleapis.com/v1beta1/projects/320945078293/services/pubsub.googleapis.com:generateServiceIdentity 200
[debug] [2025-07-09T09:31:55.792Z] <<< [apiv2][body] POST https://serviceusage.googleapis.com/v1beta1/projects/320945078293/services/pubsub.googleapis.com:generateServiceIdentity {"name":"operations/finished.DONE_OPERATION","done":true,"response":{"@type":"type.googleapis.com/google.api.serviceusage.v1beta1.ServiceIdentity","email":"service-320945078293@gcp-sa-pubsub.iam.gserviceaccount.com","uniqueId":"111707829134993315855"}}
[debug] [2025-07-09T09:31:55.794Z] Checked if tokens are valid: true, expires at: 1752057093034
[debug] [2025-07-09T09:31:55.794Z] Checked if tokens are valid: true, expires at: 1752057093034
[debug] [2025-07-09T09:31:55.794Z] >>> [apiv2][query] GET https://cloudresourcemanager.googleapis.com/v1/projects/univo-b6042 [none]
[debug] [2025-07-09T09:31:57.465Z] <<< [apiv2][status] GET https://cloudresourcemanager.googleapis.com/v1/projects/univo-b6042 200
[debug] [2025-07-09T09:31:57.466Z] <<< [apiv2][body] GET https://cloudresourcemanager.googleapis.com/v1/projects/univo-b6042 {"projectNumber":"320945078293","projectId":"univo-b6042","lifecycleState":"ACTIVE","name":"univo","labels":{"firebase":"enabled","firebase-core":"disabled"},"createTime":"2025-07-09T02:51:00.217677Z"}
[debug] [2025-07-09T09:31:57.466Z] Checked if tokens are valid: true, expires at: 1752057093034
[debug] [2025-07-09T09:31:57.466Z] Checked if tokens are valid: true, expires at: 1752057093034
[debug] [2025-07-09T09:31:57.466Z] >>> [apiv2][query] GET https://compute.googleapis.com/compute/v1/projects/320945078293 [none]
[debug] [2025-07-09T09:31:57.900Z] <<< [apiv2][status] GET https://compute.googleapis.com/compute/v1/projects/320945078293 403
[debug] [2025-07-09T09:31:57.901Z] <<< [apiv2][body] GET https://compute.googleapis.com/compute/v1/projects/320945078293 {"error":{"code":403,"message":"Compute Engine API has not been used in project 320945078293 before or it is disabled. Enable it by visiting https://console.developers.google.com/apis/api/compute.googleapis.com/overview?project=320945078293 then retry. If you enabled this API recently, wait a few minutes for the action to propagate to our systems and retry.","errors":[{"message":"Compute Engine API has not been used in project 320945078293 before or it is disabled. Enable it by visiting https://console.developers.google.com/apis/api/compute.googleapis.com/overview?project=320945078293 then retry. If you enabled this API recently, wait a few minutes for the action to propagate to our systems and retry.","domain":"usageLimits","reason":"accessNotConfigured","extendedHelp":"https://console.developers.google.com"}],"status":"PERMISSION_DENIED","details":[{"@type":"type.googleapis.com/google.rpc.ErrorInfo","reason":"SERVICE_DISABLED","domain":"googleapis.com","metadata":{"service":"compute.googleapis.com","activationUrl":"https://console.developers.google.com/apis/api/compute.googleapis.com/overview?project=320945078293","containerInfo":"320945078293","serviceTitle":"Compute Engine API","consumer":"projects/320945078293"}},{"@type":"type.googleapis.com/google.rpc.LocalizedMessage","locale":"en-US","message":"Compute Engine API has not been used in project 320945078293 before or it is disabled. Enable it by visiting https://console.developers.google.com/apis/api/compute.googleapis.com/overview?project=320945078293 then retry. If you enabled this API recently, wait a few minutes for the action to propagate to our systems and retry."},{"@type":"type.googleapis.com/google.rpc.Help","links":[{"description":"Google developers console API activation","url":"https://console.developers.google.com/apis/api/compute.googleapis.com/overview?project=320945078293"}]}]}}
[debug] [2025-07-09T09:31:57.901Z] unable to look up default compute service account. Falling back to 320945078293-compute@developer.gserviceaccount.com. Error: {"name":"FirebaseError","children":[],"context":{"body":{"error":{"code":403,"message":"Compute Engine API has not been used in project 320945078293 before or it is disabled. Enable it by visiting https://console.developers.google.com/apis/api/compute.googleapis.com/overview?project=320945078293 then retry. If you enabled this API recently, wait a few minutes for the action to propagate to our systems and retry.","errors":[{"message":"Compute Engine API has not been used in project 320945078293 before or it is disabled. Enable it by visiting https://console.developers.google.com/apis/api/compute.googleapis.com/overview?project=320945078293 then retry. If you enabled this API recently, wait a few minutes for the action to propagate to our systems and retry.","domain":"usageLimits","reason":"accessNotConfigured","extendedHelp":"https://console.developers.google.com"}],"status":"PERMISSION_DENIED","details":[{"@type":"type.googleapis.com/google.rpc.ErrorInfo","reason":"SERVICE_DISABLED","domain":"googleapis.com","metadata":{"service":"compute.googleapis.com","activationUrl":"https://console.developers.google.com/apis/api/compute.googleapis.com/overview?project=320945078293","containerInfo":"320945078293","serviceTitle":"Compute Engine API","consumer":"projects/320945078293"}},{"@type":"type.googleapis.com/google.rpc.LocalizedMessage","locale":"en-US","message":"Compute Engine API has not been used in project 320945078293 before or it is disabled. Enable it by visiting https://console.developers.google.com/apis/api/compute.googleapis.com/overview?project=320945078293 then retry. If you enabled this API recently, wait a few minutes for the action to propagate to our systems and retry."},{"@type":"type.googleapis.com/google.rpc.Help","links":[{"description":"Google developers console API activation","url":"https://console.developers.google.com/apis/api/compute.googleapis.com/overview?project=320945078293"}]}]}},"response":{"statusCode":403}},"exit":1,"message":"Request to https://compute.googleapis.com/compute/v1/projects/320945078293 had HTTP Error: 403, Compute Engine API has not been used in project 320945078293 before or it is disabled. Enable it by visiting https://console.developers.google.com/apis/api/compute.googleapis.com/overview?project=320945078293 then retry. If you enabled this API recently, wait a few minutes for the action to propagate to our systems and retry.","status":403}
[debug] [2025-07-09T09:31:57.902Z] Checked if tokens are valid: true, expires at: 1752057093034
[debug] [2025-07-09T09:31:57.902Z] Checked if tokens are valid: true, expires at: 1752057093034
[debug] [2025-07-09T09:31:57.902Z] >>> [apiv2][query] GET https://cloudbilling.googleapis.com/v1/projects/univo-b6042/billingInfo [none]
[debug] [2025-07-09T09:31:58.528Z] <<< [apiv2][status] GET https://cloudbilling.googleapis.com/v1/projects/univo-b6042/billingInfo 200
[debug] [2025-07-09T09:31:58.528Z] <<< [apiv2][body] GET https://cloudbilling.googleapis.com/v1/projects/univo-b6042/billingInfo {"name":"projects/univo-b6042/billingInfo","projectId":"univo-b6042","billingAccountName":"billingAccounts/017B2E-DF7195-3E915C","billingEnabled":true}
[debug] [2025-07-09T09:31:58.530Z] Checked if tokens are valid: true, expires at: 1752057093034
[debug] [2025-07-09T09:31:58.530Z] Checked if tokens are valid: true, expires at: 1752057093034
[debug] [2025-07-09T09:31:58.530Z] >>> [apiv2][query] POST https://cloudfunctions.googleapis.com/v2/projects/univo-b6042/locations/us-central1/functions:generateUploadUrl [none]
[debug] [2025-07-09T09:31:59.935Z] <<< [apiv2][status] POST https://cloudfunctions.googleapis.com/v2/projects/univo-b6042/locations/us-central1/functions:generateUploadUrl 200
[debug] [2025-07-09T09:31:59.936Z] <<< [apiv2][body] POST https://cloudfunctions.googleapis.com/v2/projects/univo-b6042/locations/us-central1/functions:generateUploadUrl {"uploadUrl":"https://storage.googleapis.com/gcf-v2-uploads-320945078293.us-central1.cloudfunctions.appspot.com/e1bfe38b-823d-451f-9501-1903b40c491b.zip?GoogleAccessId=service-320945078293@gcf-admin-robot.iam.gserviceaccount.com&Expires=1752055322&Signature=VUKBXWiB08BYnk%2Ft6lrsNdw62QYNhDAcjEzJiZeJtAN5hhbOrItVSzYDTXMM9jolCgD10ZVtV6yLpnsHbuPbuYaqpo0z0trDcHBV%2Fh19Z7JCAX2glT4NRC0H4vqB%2FTlM58SaFRry2RTyhyPFD0eaj4XQYqjx3z0w1Wtz8n8SXkj8kcoJJvIhUVvdQ%2BK6tnUCINNwyVXSSU9ptY0bPwFk%2FNBL%2By6O6Z5PqEm7QVKkPt7qCsGuPnD%2BZabu5j49Bn0hUfgBjp9SY9pE4Rm35DJN57dHOqzZjgSzWyXeSrBNlHm%2FPB%2FkKi6ONVfCcSywJyMxIByiUEHKkfzdFNzxdGxcZg%3D%3D","storageSource":{"bucket":"gcf-v2-uploads-320945078293.us-central1.cloudfunctions.appspot.com","object":"e1bfe38b-823d-451f-9501-1903b40c491b.zip"}}
[debug] [2025-07-09T09:31:59.936Z] >>> [apiv2][query] PUT https://storage.googleapis.com/gcf-v2-uploads-320945078293.us-central1.cloudfunctions.appspot.com/e1bfe38b-823d-451f-9501-1903b40c491b.zip GoogleAccessId=service-320945078293%40gcf-admin-robot.iam.gserviceaccount.com&Expires=1752055322&Signature=VUKBXWiB08BYnk%2Ft6lrsNdw62QYNhDAcjEzJiZeJtAN5hhbOrItVSzYDTXMM9jolCgD10ZVtV6yLpnsHbuPbuYaqpo0z0trDcHBV%2Fh19Z7JCAX2glT4NRC0H4vqB%2FTlM58SaFRry2RTyhyPFD0eaj4XQYqjx3z0w1Wtz8n8SXkj8kcoJJvIhUVvdQ%2BK6tnUCINNwyVXSSU9ptY0bPwFk%2FNBL%2By6O6Z5PqEm7QVKkPt7qCsGuPnD%2BZabu5j49Bn0hUfgBjp9SY9pE4Rm35DJN57dHOqzZjgSzWyXeSrBNlHm%2FPB%2FkKi6ONVfCcSywJyMxIByiUEHKkfzdFNzxdGxcZg%3D%3D
[debug] [2025-07-09T09:31:59.936Z] >>> [apiv2][body] PUT https://storage.googleapis.com/gcf-v2-uploads-320945078293.us-central1.cloudfunctions.appspot.com/e1bfe38b-823d-451f-9501-1903b40c491b.zip [stream]
[debug] [2025-07-09T09:32:01.162Z] <<< [apiv2][status] PUT https://storage.googleapis.com/gcf-v2-uploads-320945078293.us-central1.cloudfunctions.appspot.com/e1bfe38b-823d-451f-9501-1903b40c491b.zip 200
[debug] [2025-07-09T09:32:01.162Z] <<< [apiv2][body] PUT https://storage.googleapis.com/gcf-v2-uploads-320945078293.us-central1.cloudfunctions.appspot.com/e1bfe38b-823d-451f-9501-1903b40c491b.zip [omitted]
[info] +  functions: . folder uploaded successfully 
[info] i  functions: updating Node.js 22 (2nd Gen) function api(us-central1)... 
[debug] [2025-07-09T09:32:01.167Z] Checked if tokens are valid: true, expires at: 1752057093034
[debug] [2025-07-09T09:32:01.167Z] Checked if tokens are valid: true, expires at: 1752057093034
[debug] [2025-07-09T09:32:01.167Z] >>> [apiv2][query] PATCH https://cloudfunctions.googleapis.com/v2/projects/univo-b6042/locations/us-central1/functions/api updateMask=name%2CbuildConfig.runtime%2CbuildConfig.entryPoint%2CbuildConfig.source.storageSource.bucket%2CbuildConfig.source.storageSource.object%2CbuildConfig.environmentVariables%2CbuildConfig.sourceToken%2CserviceConfig.environmentVariables%2CserviceConfig.ingressSettings%2CserviceConfig.timeoutSeconds%2CserviceConfig.serviceAccountEmail%2CserviceConfig.availableMemory%2CserviceConfig.minInstanceCount%2CserviceConfig.maxInstanceCount%2CserviceConfig.maxInstanceRequestConcurrency%2CserviceConfig.availableCpu%2CserviceConfig.vpcConnector%2CserviceConfig.vpcConnectorEgressSettings%2Clabels
[debug] [2025-07-09T09:32:01.167Z] >>> [apiv2][body] PATCH https://cloudfunctions.googleapis.com/v2/projects/univo-b6042/locations/us-central1/functions/api {"name":"projects/univo-b6042/locations/us-central1/functions/api","buildConfig":{"runtime":"nodejs22","entryPoint":"api","source":{"storageSource":{"bucket":"gcf-v2-uploads-320945078293.us-central1.cloudfunctions.appspot.com","object":"e1bfe38b-823d-451f-9501-1903b40c491b.zip"}},"environmentVariables":{"GOOGLE_NODE_RUN_SCRIPTS":""}},"serviceConfig":{"environmentVariables":{"GOOGLE_CLOUD_PROJECT_ID":"univo-b6042","GOOGLE_CLOUD_PRIVATE_KEY":"-----BEGIN PRIVATE KEY-----\\nMIIEvQIBADANBgkqhkiG9w0BAQEFAASCBKcwggSjAgEAAoIBAQDFVmPydRCXlANn\\nDhzPj6h3Z2Fl2xATD8oFu+I46CBMAgvQM3dlLmifMjGNx30N4aeXwRrc71uGBjvQ\\nRr17tPCX95Q9ipPUjlQtphVLJcCJSYHklkr6O96sRhUMXn3N2UrPZeXGFdQcwZEN\\nU/CTOwRoJu6Sw49LYzTfC4iZEY7p/0lrAg4WBz5CapguflzEVFvw+sv7O8u9DDDF\\nXTHuNdmZ0oVzJfdzUWju/hx8wMjSRfSXoqxxYwnjtaD+qL42+wgzGtFB5vlmf5/q\\nkI/B3NQ+HMa6LfdTfXLdFNoT/UFXnizAyVzJwN0auDItIhVqDYG2XuLzoyiTviPq\\nfaTpJF1FAgMBAAECggEAM5Ot0cwJByUXcpL8sr9Ab9zkVwPXgrPowHDn4qnA7zzF\\nq6gX96kWjS1ISF8wbzVgYUiGZeJlkHUGoxwqIDAdhgqegys6Eh8VH00+WYLHfNpq\\nib1CYX7OZ0Z17+KujOPTKrveP1SrOMzaxZn/0etl7nbmehOE21ZVlkpkbGVrbfrm\\nmTLbaOkS6jF8mJArco2gKJ0TkndGm075IZPWc5wgzvoyVSPFtqXosaFzgWBnmDYM\\nIhYinlg/bR1+5PmPapzrMkpfU8NXTDwEEHsdurwFiuk5h3jq//CKoSIJ30Wg+hwq\\nuRTJZb95OOBlmxmbYG/VoGsZFDiZ0cSzm3sxI59k7QKBgQDukbnEZnNsaHHNNMEC\\nIfh1K0ujs10n99QVM5O+G0LPIC3EtydpVdSG8TeWsdCj6UweS7zkd+ZSf5+75YkJ\\n8JuSW1DJfebZ3qOd/v4Bth+D/Arql6tS/ibYrToeN1Z7eA/sMuxvHFh19IZvESvq\\nOpAw2MHh2nQVr262Dfo0W09S3wKBgQDTwXPcDL1qWbggkTMyzw9EA1hw95XPRIuh\\njADmRPG/1hDg2NZiUZ+BldfIVRCe+Zm/dTe3YMMRXzMVSkHwNBMfOyrtWuTzlSQl\\nAS5MQiUAKqdeA9Xs+F6mPOB5CU0FomHG8Io6cahxyPxLkYEMnxlFNFh8sTLPPk3D\\nvCjcdnMYWwKBgHMfPR6KNb6lc+0LPOwTinq4Bssa/aQQ0nXcqrm9G/MpWwynOUx6\\nT5FCi4mbisveA45HDALP3QQIdANO019JjTkF+akRqTmPVzMh3l7jDLg7AuWLhPAK\\nlqJOjVIRcBkqqbxYIoHHkuRwuAKWrbNcyUHZB04+hXAFdQ5DFm73dQLPAoGBAJr0\\nA+kxdWYecyt5tSJn/H7Dh/NaaUi7mwXC4mGeb9z2M3GlmvNlUThNQxK4lKoQch51\\nEylgaD4NEN9ycF/qa1e+P0Ji8gkAyOs/OvbYrCS8Ea8tVVzLvs8c2xIW6ULHOY+P\\nM0djJmTlMyHFPs7SmXZXwKy2Kj0XFWa3CJuTHdPjAoGAVdpbLXUf7uPMyh9w/Lbq\\nkisbJ5VeEvdPhqXNIbXr5G8K5guLat2TbkA3SCYifHchaPL3t73lvrur/OqIK2BB\\n6QRIHbfssTfpUuKdwEbpn5O1GditcFI+yID+AH04Yp5ai6QUZFXGGh9mMtEwM5g8\\nzl1xcZnLlymm9BN8REo09yM=\\n-----END PRIVATE KEY-----\\n","GOOGLE_CLOUD_CLIENT_EMAIL":"firebase-adminsdk-fbsvc@univo-b6042.iam.gserviceaccount.com","JWT_SECRET":"jagadeeswar@123","JWT_EXPIRY":"1h","NODEMAILER_USER":"jagadeeswar079@gmail.com","NODEMAILER_PASS":"ywsb hwwu tpky vsce","RAZORPAY_KEY_ID":"rzp_test_OYOsYO0EkYkTcd","RAZORPAY_SECRET_KEY":"jZlJ8REUiJH1Ksmq4QcTLabV","FIREBASE_CONFIG":"{\"projectId\":\"univo-b6042\",\"storageBucket\":\"univo-b6042.firebasestorage.app\"}","GCLOUD_PROJECT":"univo-b6042","EVENTARC_CLOUD_EVENT_SOURCE":"projects/univo-b6042/locations/us-central1/services/api","FUNCTION_TARGET":"api","LOG_EXECUTION_ID":"true"},"ingressSettings":null,"timeoutSeconds":60,"serviceAccountEmail":null,"availableMemory":"512Mi","minInstanceCount":null,"maxInstanceCount":10,"maxInstanceRequestConcurrency":80,"availableCpu":"1","vpcConnector":null,"vpcConnectorEgressSettings":null},"labels":{"deployment-tool":"cli-firebase","firebase-functions-hash":"61edce8c959ffe7d4b725ba90dc889f830a18305"}}
[debug] [2025-07-09T09:32:03.156Z] <<< [apiv2][status] PATCH https://cloudfunctions.googleapis.com/v2/projects/univo-b6042/locations/us-central1/functions/api 200
[debug] [2025-07-09T09:32:03.156Z] <<< [apiv2][body] PATCH https://cloudfunctions.googleapis.com/v2/projects/univo-b6042/locations/us-central1/functions/api {"name":"projects/univo-b6042/locations/us-central1/operations/operation-1752053525179-6397bbffeec19-f32b54ed-27bf46d7","metadata":{"@type":"type.googleapis.com/google.cloud.functions.v2.OperationMetadata","createTime":"2025-07-09T09:32:05.824161449Z","target":"projects/univo-b6042/locations/us-central1/functions/api","verb":"update","cancelRequested":false,"apiVersion":"v2"},"done":false}
[debug] [2025-07-09T09:32:03.157Z] Checked if tokens are valid: true, expires at: 1752057093034
[debug] [2025-07-09T09:32:03.157Z] Checked if tokens are valid: true, expires at: 1752057093034
[debug] [2025-07-09T09:32:03.157Z] >>> [apiv2][query] GET https://cloudfunctions.googleapis.com/v2/projects/univo-b6042/locations/us-central1/operations/operation-1752053525179-6397bbffeec19-f32b54ed-27bf46d7 [none]
[debug] [2025-07-09T09:32:04.538Z] <<< [apiv2][status] GET https://cloudfunctions.googleapis.com/v2/projects/univo-b6042/locations/us-central1/operations/operation-1752053525179-6397bbffeec19-f32b54ed-27bf46d7 200
[debug] [2025-07-09T09:32:04.538Z] <<< [apiv2][body] GET https://cloudfunctions.googleapis.com/v2/projects/univo-b6042/locations/us-central1/operations/operation-1752053525179-6397bbffeec19-f32b54ed-27bf46d7 {"name":"projects/univo-b6042/locations/us-central1/operations/operation-1752053525179-6397bbffeec19-f32b54ed-27bf46d7","metadata":{"@type":"type.googleapis.com/google.cloud.functions.v2.OperationMetadata","createTime":"2025-07-09T09:32:05.824161449Z","target":"projects/univo-b6042/locations/us-central1/functions/api","verb":"update","cancelRequested":false,"apiVersion":"v2","requestResource":{"@type":"type.googleapis.com/google.cloud.functions.v2.Function","name":"projects/univo-b6042/locations/us-central1/functions/api","buildConfig":{"runtime":"nodejs22","entryPoint":"api","source":{"storageSource":{"bucket":"gcf-v2-sources-320945078293-us-central1","object":"api/function-source.zip","generation":"1752053525764713"}},"environmentVariables":{"GOOGLE_NODE_RUN_SCRIPTS":""},"dockerRepository":"projects/univo-b6042/locations/us-central1/repositories/gcf-artifacts","serviceAccount":"projects/univo-b6042/serviceAccounts/320945078293-compute@developer.gserviceaccount.com","automaticUpdatePolicy":{}},"serviceConfig":{"service":"projects/univo-b6042/locations/us-central1/services/api","timeoutSeconds":60,"environmentVariables":{"GOOGLE_CLOUD_PROJECT_ID":"univo-b6042","GOOGLE_CLOUD_PRIVATE_KEY":"-----BEGIN PRIVATE KEY-----\\nMIIEvQIBADANBgkqhkiG9w0BAQEFAASCBKcwggSjAgEAAoIBAQDFVmPydRCXlANn\\nDhzPj6h3Z2Fl2xATD8oFu+I46CBMAgvQM3dlLmifMjGNx30N4aeXwRrc71uGBjvQ\\nRr17tPCX95Q9ipPUjlQtphVLJcCJSYHklkr6O96sRhUMXn3N2UrPZeXGFdQcwZEN\\nU/CTOwRoJu6Sw49LYzTfC4iZEY7p/0lrAg4WBz5CapguflzEVFvw+sv7O8u9DDDF\\nXTHuNdmZ0oVzJfdzUWju/hx8wMjSRfSXoqxxYwnjtaD+qL42+wgzGtFB5vlmf5/q\\nkI/B3NQ+HMa6LfdTfXLdFNoT/UFXnizAyVzJwN0auDItIhVqDYG2XuLzoyiTviPq\\nfaTpJF1FAgMBAAECggEAM5Ot0cwJByUXcpL8sr9Ab9zkVwPXgrPowHDn4qnA7zzF\\nq6gX96kWjS1ISF8wbzVgYUiGZeJlkHUGoxwqIDAdhgqegys6Eh8VH00+WYLHfNpq\\nib1CYX7OZ0Z17+KujOPTKrveP1SrOMzaxZn/0etl7nbmehOE21ZVlkpkbGVrbfrm\\nmTLbaOkS6jF8mJArco2gKJ0TkndGm075IZPWc5wgzvoyVSPFtqXosaFzgWBnmDYM\\nIhYinlg/bR1+5PmPapzrMkpfU8NXTDwEEHsdurwFiuk5h3jq//CKoSIJ30Wg+hwq\\nuRTJZb95OOBlmxmbYG/VoGsZFDiZ0cSzm3sxI59k7QKBgQDukbnEZnNsaHHNNMEC\\nIfh1K0ujs10n99QVM5O+G0LPIC3EtydpVdSG8TeWsdCj6UweS7zkd+ZSf5+75YkJ\\n8JuSW1DJfebZ3qOd/v4Bth+D/Arql6tS/ibYrToeN1Z7eA/sMuxvHFh19IZvESvq\\nOpAw2MHh2nQVr262Dfo0W09S3wKBgQDTwXPcDL1qWbggkTMyzw9EA1hw95XPRIuh\\njADmRPG/1hDg2NZiUZ+BldfIVRCe+Zm/dTe3YMMRXzMVSkHwNBMfOyrtWuTzlSQl\\nAS5MQiUAKqdeA9Xs+F6mPOB5CU0FomHG8Io6cahxyPxLkYEMnxlFNFh8sTLPPk3D\\nvCjcdnMYWwKBgHMfPR6KNb6lc+0LPOwTinq4Bssa/aQQ0nXcqrm9G/MpWwynOUx6\\nT5FCi4mbisveA45HDALP3QQIdANO019JjTkF+akRqTmPVzMh3l7jDLg7AuWLhPAK\\nlqJOjVIRcBkqqbxYIoHHkuRwuAKWrbNcyUHZB04+hXAFdQ5DFm73dQLPAoGBAJr0\\nA+kxdWYecyt5tSJn/H7Dh/NaaUi7mwXC4mGeb9z2M3GlmvNlUThNQxK4lKoQch51\\nEylgaD4NEN9ycF/qa1e+P0Ji8gkAyOs/OvbYrCS8Ea8tVVzLvs8c2xIW6ULHOY+P\\nM0djJmTlMyHFPs7SmXZXwKy2Kj0XFWa3CJuTHdPjAoGAVdpbLXUf7uPMyh9w/Lbq\\nkisbJ5VeEvdPhqXNIbXr5G8K5guLat2TbkA3SCYifHchaPL3t73lvrur/OqIK2BB\\n6QRIHbfssTfpUuKdwEbpn5O1GditcFI+yID+AH04Yp5ai6QUZFXGGh9mMtEwM5g8\\nzl1xcZnLlymm9BN8REo09yM=\\n-----END PRIVATE KEY-----\\n","GOOGLE_CLOUD_CLIENT_EMAIL":"firebase-adminsdk-fbsvc@univo-b6042.iam.gserviceaccount.com","JWT_SECRET":"jagadeeswar@123","JWT_EXPIRY":"1h","NODEMAILER_USER":"jagadeeswar079@gmail.com","NODEMAILER_PASS":"ywsb hwwu tpky vsce","RAZORPAY_KEY_ID":"rzp_test_OYOsYO0EkYkTcd","RAZORPAY_SECRET_KEY":"jZlJ8REUiJH1Ksmq4QcTLabV","FIREBASE_CONFIG":"{\"projectId\":\"univo-b6042\",\"storageBucket\":\"univo-b6042.firebasestorage.app\"}","GCLOUD_PROJECT":"univo-b6042","EVENTARC_CLOUD_EVENT_SOURCE":"projects/univo-b6042/locations/us-central1/services/api","FUNCTION_TARGET":"api","LOG_EXECUTION_ID":"true"},"maxInstanceCount":10,"ingressSettings":"ALLOW_ALL","uri":"https://api-jsbzn4xdwa-uc.a.run.app","serviceAccountEmail":"320945078293-compute@developer.gserviceaccount.com","availableMemory":"512Mi","allTrafficOnLatestRevision":true,"revision":"api-00010-cam","maxInstanceRequestConcurrency":80,"availableCpu":"1"},"state":"ACTIVE","labels":{"deployment-tool":"cli-firebase","firebase-functions-hash":"61edce8c959ffe7d4b725ba90dc889f830a18305"},"environment":"GEN_2","url":"https://us-central1-univo-b6042.cloudfunctions.net/api","satisfiesPzi":true},"stages":[{"name":"BUILD","message":"Build in progress","state":"IN_PROGRESS","resource":"projects/320945078293/locations/us-central1/builds/2fe46edd-6564-49a3-bf9b-8da8fd2d18d2","resourceUri":"https://console.cloud.google.com/cloud-build/builds;region=us-central1/2fe46edd-6564-49a3-bf9b-8da8fd2d18d2?project=320945078293"},{"name":"SERVICE","state":"NOT_STARTED"}],"operationType":"UPDATE_FUNCTION","buildName":"projects/320945078293/locations/us-central1/builds/2fe46edd-6564-49a3-bf9b-8da8fd2d18d2"},"done":false}
[debug] [2025-07-09T09:32:05.052Z] [update-default-us-central1-api] Retrying task index 0
[debug] [2025-07-09T09:32:05.052Z] Checked if tokens are valid: true, expires at: 1752057093034
[debug] [2025-07-09T09:32:05.052Z] Checked if tokens are valid: true, expires at: 1752057093034
[debug] [2025-07-09T09:32:05.052Z] >>> [apiv2][query] GET https://cloudfunctions.googleapis.com/v2/projects/univo-b6042/locations/us-central1/operations/operation-1752053525179-6397bbffeec19-f32b54ed-27bf46d7 [none]
[debug] [2025-07-09T09:32:05.417Z] <<< [apiv2][status] GET https://cloudfunctions.googleapis.com/v2/projects/univo-b6042/locations/us-central1/operations/operation-1752053525179-6397bbffeec19-f32b54ed-27bf46d7 200
[debug] [2025-07-09T09:32:05.417Z] <<< [apiv2][body] GET https://cloudfunctions.googleapis.com/v2/projects/univo-b6042/locations/us-central1/operations/operation-1752053525179-6397bbffeec19-f32b54ed-27bf46d7 {"name":"projects/univo-b6042/locations/us-central1/operations/operation-1752053525179-6397bbffeec19-f32b54ed-27bf46d7","metadata":{"@type":"type.googleapis.com/google.cloud.functions.v2.OperationMetadata","createTime":"2025-07-09T09:32:05.824161449Z","target":"projects/univo-b6042/locations/us-central1/functions/api","verb":"update","cancelRequested":false,"apiVersion":"v2","requestResource":{"@type":"type.googleapis.com/google.cloud.functions.v2.Function","name":"projects/univo-b6042/locations/us-central1/functions/api","buildConfig":{"runtime":"nodejs22","entryPoint":"api","source":{"storageSource":{"bucket":"gcf-v2-sources-320945078293-us-central1","object":"api/function-source.zip","generation":"1752053525764713"}},"environmentVariables":{"GOOGLE_NODE_RUN_SCRIPTS":""},"dockerRepository":"projects/univo-b6042/locations/us-central1/repositories/gcf-artifacts","serviceAccount":"projects/univo-b6042/serviceAccounts/320945078293-compute@developer.gserviceaccount.com","automaticUpdatePolicy":{}},"serviceConfig":{"service":"projects/univo-b6042/locations/us-central1/services/api","timeoutSeconds":60,"environmentVariables":{"GOOGLE_CLOUD_PROJECT_ID":"univo-b6042","GOOGLE_CLOUD_PRIVATE_KEY":"-----BEGIN PRIVATE KEY-----\\nMIIEvQIBADANBgkqhkiG9w0BAQEFAASCBKcwggSjAgEAAoIBAQDFVmPydRCXlANn\\nDhzPj6h3Z2Fl2xATD8oFu+I46CBMAgvQM3dlLmifMjGNx30N4aeXwRrc71uGBjvQ\\nRr17tPCX95Q9ipPUjlQtphVLJcCJSYHklkr6O96sRhUMXn3N2UrPZeXGFdQcwZEN\\nU/CTOwRoJu6Sw49LYzTfC4iZEY7p/0lrAg4WBz5CapguflzEVFvw+sv7O8u9DDDF\\nXTHuNdmZ0oVzJfdzUWju/hx8wMjSRfSXoqxxYwnjtaD+qL42+wgzGtFB5vlmf5/q\\nkI/B3NQ+HMa6LfdTfXLdFNoT/UFXnizAyVzJwN0auDItIhVqDYG2XuLzoyiTviPq\\nfaTpJF1FAgMBAAECggEAM5Ot0cwJByUXcpL8sr9Ab9zkVwPXgrPowHDn4qnA7zzF\\nq6gX96kWjS1ISF8wbzVgYUiGZeJlkHUGoxwqIDAdhgqegys6Eh8VH00+WYLHfNpq\\nib1CYX7OZ0Z17+KujOPTKrveP1SrOMzaxZn/0etl7nbmehOE21ZVlkpkbGVrbfrm\\nmTLbaOkS6jF8mJArco2gKJ0TkndGm075IZPWc5wgzvoyVSPFtqXosaFzgWBnmDYM\\nIhYinlg/bR1+5PmPapzrMkpfU8NXTDwEEHsdurwFiuk5h3jq//CKoSIJ30Wg+hwq\\nuRTJZb95OOBlmxmbYG/VoGsZFDiZ0cSzm3sxI59k7QKBgQDukbnEZnNsaHHNNMEC\\nIfh1K0ujs10n99QVM5O+G0LPIC3EtydpVdSG8TeWsdCj6UweS7zkd+ZSf5+75YkJ\\n8JuSW1DJfebZ3qOd/v4Bth+D/Arql6tS/ibYrToeN1Z7eA/sMuxvHFh19IZvESvq\\nOpAw2MHh2nQVr262Dfo0W09S3wKBgQDTwXPcDL1qWbggkTMyzw9EA1hw95XPRIuh\\njADmRPG/1hDg2NZiUZ+BldfIVRCe+Zm/dTe3YMMRXzMVSkHwNBMfOyrtWuTzlSQl\\nAS5MQiUAKqdeA9Xs+F6mPOB5CU0FomHG8Io6cahxyPxLkYEMnxlFNFh8sTLPPk3D\\nvCjcdnMYWwKBgHMfPR6KNb6lc+0LPOwTinq4Bssa/aQQ0nXcqrm9G/MpWwynOUx6\\nT5FCi4mbisveA45HDALP3QQIdANO019JjTkF+akRqTmPVzMh3l7jDLg7AuWLhPAK\\nlqJOjVIRcBkqqbxYIoHHkuRwuAKWrbNcyUHZB04+hXAFdQ5DFm73dQLPAoGBAJr0\\nA+kxdWYecyt5tSJn/H7Dh/NaaUi7mwXC4mGeb9z2M3GlmvNlUThNQxK4lKoQch51\\nEylgaD4NEN9ycF/qa1e+P0Ji8gkAyOs/OvbYrCS8Ea8tVVzLvs8c2xIW6ULHOY+P\\nM0djJmTlMyHFPs7SmXZXwKy2Kj0XFWa3CJuTHdPjAoGAVdpbLXUf7uPMyh9w/Lbq\\nkisbJ5VeEvdPhqXNIbXr5G8K5guLat2TbkA3SCYifHchaPL3t73lvrur/OqIK2BB\\n6QRIHbfssTfpUuKdwEbpn5O1GditcFI+yID+AH04Yp5ai6QUZFXGGh9mMtEwM5g8\\nzl1xcZnLlymm9BN8REo09yM=\\n-----END PRIVATE KEY-----\\n","GOOGLE_CLOUD_CLIENT_EMAIL":"firebase-adminsdk-fbsvc@univo-b6042.iam.gserviceaccount.com","JWT_SECRET":"jagadeeswar@123","JWT_EXPIRY":"1h","NODEMAILER_USER":"jagadeeswar079@gmail.com","NODEMAILER_PASS":"ywsb hwwu tpky vsce","RAZORPAY_KEY_ID":"rzp_test_OYOsYO0EkYkTcd","RAZORPAY_SECRET_KEY":"jZlJ8REUiJH1Ksmq4QcTLabV","FIREBASE_CONFIG":"{\"projectId\":\"univo-b6042\",\"storageBucket\":\"univo-b6042.firebasestorage.app\"}","GCLOUD_PROJECT":"univo-b6042","EVENTARC_CLOUD_EVENT_SOURCE":"projects/univo-b6042/locations/us-central1/services/api","FUNCTION_TARGET":"api","LOG_EXECUTION_ID":"true"},"maxInstanceCount":10,"ingressSettings":"ALLOW_ALL","uri":"https://api-jsbzn4xdwa-uc.a.run.app","serviceAccountEmail":"320945078293-compute@developer.gserviceaccount.com","availableMemory":"512Mi","allTrafficOnLatestRevision":true,"revision":"api-00010-cam","maxInstanceRequestConcurrency":80,"availableCpu":"1"},"state":"ACTIVE","labels":{"deployment-tool":"cli-firebase","firebase-functions-hash":"61edce8c959ffe7d4b725ba90dc889f830a18305"},"environment":"GEN_2","url":"https://us-central1-univo-b6042.cloudfunctions.net/api","satisfiesPzi":true},"stages":[{"name":"BUILD","message":"Build in progress","state":"IN_PROGRESS","resource":"projects/320945078293/locations/us-central1/builds/2fe46edd-6564-49a3-bf9b-8da8fd2d18d2","resourceUri":"https://console.cloud.google.com/cloud-build/builds;region=us-central1/2fe46edd-6564-49a3-bf9b-8da8fd2d18d2?project=320945078293"},{"name":"SERVICE","state":"NOT_STARTED"}],"operationType":"UPDATE_FUNCTION","buildName":"projects/320945078293/locations/us-central1/builds/2fe46edd-6564-49a3-bf9b-8da8fd2d18d2"},"done":false}
[debug] [2025-07-09T09:32:06.423Z] [update-default-us-central1-api] Retrying task index 0
[debug] [2025-07-09T09:32:06.423Z] Checked if tokens are valid: true, expires at: 1752057093034
[debug] [2025-07-09T09:32:06.423Z] Checked if tokens are valid: true, expires at: 1752057093034
[debug] [2025-07-09T09:32:06.423Z] >>> [apiv2][query] GET https://cloudfunctions.googleapis.com/v2/projects/univo-b6042/locations/us-central1/operations/operation-1752053525179-6397bbffeec19-f32b54ed-27bf46d7 [none]
[debug] [2025-07-09T09:32:07.814Z] <<< [apiv2][status] GET https://cloudfunctions.googleapis.com/v2/projects/univo-b6042/locations/us-central1/operations/operation-1752053525179-6397bbffeec19-f32b54ed-27bf46d7 200
[debug] [2025-07-09T09:32:07.814Z] <<< [apiv2][body] GET https://cloudfunctions.googleapis.com/v2/projects/univo-b6042/locations/us-central1/operations/operation-1752053525179-6397bbffeec19-f32b54ed-27bf46d7 {"name":"projects/univo-b6042/locations/us-central1/operations/operation-1752053525179-6397bbffeec19-f32b54ed-27bf46d7","metadata":{"@type":"type.googleapis.com/google.cloud.functions.v2.OperationMetadata","createTime":"2025-07-09T09:32:05.824161449Z","target":"projects/univo-b6042/locations/us-central1/functions/api","verb":"update","cancelRequested":false,"apiVersion":"v2","requestResource":{"@type":"type.googleapis.com/google.cloud.functions.v2.Function","name":"projects/univo-b6042/locations/us-central1/functions/api","buildConfig":{"runtime":"nodejs22","entryPoint":"api","source":{"storageSource":{"bucket":"gcf-v2-sources-320945078293-us-central1","object":"api/function-source.zip","generation":"1752053525764713"}},"environmentVariables":{"GOOGLE_NODE_RUN_SCRIPTS":""},"dockerRepository":"projects/univo-b6042/locations/us-central1/repositories/gcf-artifacts","serviceAccount":"projects/univo-b6042/serviceAccounts/320945078293-compute@developer.gserviceaccount.com","automaticUpdatePolicy":{}},"serviceConfig":{"service":"projects/univo-b6042/locations/us-central1/services/api","timeoutSeconds":60,"environmentVariables":{"GOOGLE_CLOUD_PROJECT_ID":"univo-b6042","GOOGLE_CLOUD_PRIVATE_KEY":"-----BEGIN PRIVATE KEY-----\\nMIIEvQIBADANBgkqhkiG9w0BAQEFAASCBKcwggSjAgEAAoIBAQDFVmPydRCXlANn\\nDhzPj6h3Z2Fl2xATD8oFu+I46CBMAgvQM3dlLmifMjGNx30N4aeXwRrc71uGBjvQ\\nRr17tPCX95Q9ipPUjlQtphVLJcCJSYHklkr6O96sRhUMXn3N2UrPZeXGFdQcwZEN\\nU/CTOwRoJu6Sw49LYzTfC4iZEY7p/0lrAg4WBz5CapguflzEVFvw+sv7O8u9DDDF\\nXTHuNdmZ0oVzJfdzUWju/hx8wMjSRfSXoqxxYwnjtaD+qL42+wgzGtFB5vlmf5/q\\nkI/B3NQ+HMa6LfdTfXLdFNoT/UFXnizAyVzJwN0auDItIhVqDYG2XuLzoyiTviPq\\nfaTpJF1FAgMBAAECggEAM5Ot0cwJByUXcpL8sr9Ab9zkVwPXgrPowHDn4qnA7zzF\\nq6gX96kWjS1ISF8wbzVgYUiGZeJlkHUGoxwqIDAdhgqegys6Eh8VH00+WYLHfNpq\\nib1CYX7OZ0Z17+KujOPTKrveP1SrOMzaxZn/0etl7nbmehOE21ZVlkpkbGVrbfrm\\nmTLbaOkS6jF8mJArco2gKJ0TkndGm075IZPWc5wgzvoyVSPFtqXosaFzgWBnmDYM\\nIhYinlg/bR1+5PmPapzrMkpfU8NXTDwEEHsdurwFiuk5h3jq//CKoSIJ30Wg+hwq\\nuRTJZb95OOBlmxmbYG/VoGsZFDiZ0cSzm3sxI59k7QKBgQDukbnEZnNsaHHNNMEC\\nIfh1K0ujs10n99QVM5O+G0LPIC3EtydpVdSG8TeWsdCj6UweS7zkd+ZSf5+75YkJ\\n8JuSW1DJfebZ3qOd/v4Bth+D/Arql6tS/ibYrToeN1Z7eA/sMuxvHFh19IZvESvq\\nOpAw2MHh2nQVr262Dfo0W09S3wKBgQDTwXPcDL1qWbggkTMyzw9EA1hw95XPRIuh\\njADmRPG/1hDg2NZiUZ+BldfIVRCe+Zm/dTe3YMMRXzMVSkHwNBMfOyrtWuTzlSQl\\nAS5MQiUAKqdeA9Xs+F6mPOB5CU0FomHG8Io6cahxyPxLkYEMnxlFNFh8sTLPPk3D\\nvCjcdnMYWwKBgHMfPR6KNb6lc+0LPOwTinq4Bssa/aQQ0nXcqrm9G/MpWwynOUx6\\nT5FCi4mbisveA45HDALP3QQIdANO019JjTkF+akRqTmPVzMh3l7jDLg7AuWLhPAK\\nlqJOjVIRcBkqqbxYIoHHkuRwuAKWrbNcyUHZB04+hXAFdQ5DFm73dQLPAoGBAJr0\\nA+kxdWYecyt5tSJn/H7Dh/NaaUi7mwXC4mGeb9z2M3GlmvNlUThNQxK4lKoQch51\\nEylgaD4NEN9ycF/qa1e+P0Ji8gkAyOs/OvbYrCS8Ea8tVVzLvs8c2xIW6ULHOY+P\\nM0djJmTlMyHFPs7SmXZXwKy2Kj0XFWa3CJuTHdPjAoGAVdpbLXUf7uPMyh9w/Lbq\\nkisbJ5VeEvdPhqXNIbXr5G8K5guLat2TbkA3SCYifHchaPL3t73lvrur/OqIK2BB\\n6QRIHbfssTfpUuKdwEbpn5O1GditcFI+yID+AH04Yp5ai6QUZFXGGh9mMtEwM5g8\\nzl1xcZnLlymm9BN8REo09yM=\\n-----END PRIVATE KEY-----\\n","GOOGLE_CLOUD_CLIENT_EMAIL":"firebase-adminsdk-fbsvc@univo-b6042.iam.gserviceaccount.com","JWT_SECRET":"jagadeeswar@123","JWT_EXPIRY":"1h","NODEMAILER_USER":"jagadeeswar079@gmail.com","NODEMAILER_PASS":"ywsb hwwu tpky vsce","RAZORPAY_KEY_ID":"rzp_test_OYOsYO0EkYkTcd","RAZORPAY_SECRET_KEY":"jZlJ8REUiJH1Ksmq4QcTLabV","FIREBASE_CONFIG":"{\"projectId\":\"univo-b6042\",\"storageBucket\":\"univo-b6042.firebasestorage.app\"}","GCLOUD_PROJECT":"univo-b6042","EVENTARC_CLOUD_EVENT_SOURCE":"projects/univo-b6042/locations/us-central1/services/api","FUNCTION_TARGET":"api","LOG_EXECUTION_ID":"true"},"maxInstanceCount":10,"ingressSettings":"ALLOW_ALL","uri":"https://api-jsbzn4xdwa-uc.a.run.app","serviceAccountEmail":"320945078293-compute@developer.gserviceaccount.com","availableMemory":"512Mi","allTrafficOnLatestRevision":true,"revision":"api-00010-cam","maxInstanceRequestConcurrency":80,"availableCpu":"1"},"state":"ACTIVE","labels":{"deployment-tool":"cli-firebase","firebase-functions-hash":"61edce8c959ffe7d4b725ba90dc889f830a18305"},"environment":"GEN_2","url":"https://us-central1-univo-b6042.cloudfunctions.net/api","satisfiesPzi":true},"stages":[{"name":"BUILD","message":"Build in progress","state":"IN_PROGRESS","resource":"projects/320945078293/locations/us-central1/builds/2fe46edd-6564-49a3-bf9b-8da8fd2d18d2","resourceUri":"https://console.cloud.google.com/cloud-build/builds;region=us-central1/2fe46edd-6564-49a3-bf9b-8da8fd2d18d2?project=320945078293"},{"name":"SERVICE","state":"NOT_STARTED"}],"operationType":"UPDATE_FUNCTION","buildName":"projects/320945078293/locations/us-central1/builds/2fe46edd-6564-49a3-bf9b-8da8fd2d18d2"},"done":false}
[debug] [2025-07-09T09:32:09.820Z] [update-default-us-central1-api] Retrying task index 0
[debug] [2025-07-09T09:32:09.820Z] Checked if tokens are valid: true, expires at: 1752057093034
[debug] [2025-07-09T09:32:09.820Z] Checked if tokens are valid: true, expires at: 1752057093034
[debug] [2025-07-09T09:32:09.820Z] >>> [apiv2][query] GET https://cloudfunctions.googleapis.com/v2/projects/univo-b6042/locations/us-central1/operations/operation-1752053525179-6397bbffeec19-f32b54ed-27bf46d7 [none]
[debug] [2025-07-09T09:32:11.217Z] <<< [apiv2][status] GET https://cloudfunctions.googleapis.com/v2/projects/univo-b6042/locations/us-central1/operations/operation-1752053525179-6397bbffeec19-f32b54ed-27bf46d7 200
[debug] [2025-07-09T09:32:11.217Z] <<< [apiv2][body] GET https://cloudfunctions.googleapis.com/v2/projects/univo-b6042/locations/us-central1/operations/operation-1752053525179-6397bbffeec19-f32b54ed-27bf46d7 {"name":"projects/univo-b6042/locations/us-central1/operations/operation-1752053525179-6397bbffeec19-f32b54ed-27bf46d7","metadata":{"@type":"type.googleapis.com/google.cloud.functions.v2.OperationMetadata","createTime":"2025-07-09T09:32:05.824161449Z","target":"projects/univo-b6042/locations/us-central1/functions/api","verb":"update","cancelRequested":false,"apiVersion":"v2","requestResource":{"@type":"type.googleapis.com/google.cloud.functions.v2.Function","name":"projects/univo-b6042/locations/us-central1/functions/api","buildConfig":{"runtime":"nodejs22","entryPoint":"api","source":{"storageSource":{"bucket":"gcf-v2-sources-320945078293-us-central1","object":"api/function-source.zip","generation":"1752053525764713"}},"environmentVariables":{"GOOGLE_NODE_RUN_SCRIPTS":""},"dockerRepository":"projects/univo-b6042/locations/us-central1/repositories/gcf-artifacts","serviceAccount":"projects/univo-b6042/serviceAccounts/320945078293-compute@developer.gserviceaccount.com","automaticUpdatePolicy":{}},"serviceConfig":{"service":"projects/univo-b6042/locations/us-central1/services/api","timeoutSeconds":60,"environmentVariables":{"GOOGLE_CLOUD_PROJECT_ID":"univo-b6042","GOOGLE_CLOUD_PRIVATE_KEY":"-----BEGIN PRIVATE KEY-----\\nMIIEvQIBADANBgkqhkiG9w0BAQEFAASCBKcwggSjAgEAAoIBAQDFVmPydRCXlANn\\nDhzPj6h3Z2Fl2xATD8oFu+I46CBMAgvQM3dlLmifMjGNx30N4aeXwRrc71uGBjvQ\\nRr17tPCX95Q9ipPUjlQtphVLJcCJSYHklkr6O96sRhUMXn3N2UrPZeXGFdQcwZEN\\nU/CTOwRoJu6Sw49LYzTfC4iZEY7p/0lrAg4WBz5CapguflzEVFvw+sv7O8u9DDDF\\nXTHuNdmZ0oVzJfdzUWju/hx8wMjSRfSXoqxxYwnjtaD+qL42+wgzGtFB5vlmf5/q\\nkI/B3NQ+HMa6LfdTfXLdFNoT/UFXnizAyVzJwN0auDItIhVqDYG2XuLzoyiTviPq\\nfaTpJF1FAgMBAAECggEAM5Ot0cwJByUXcpL8sr9Ab9zkVwPXgrPowHDn4qnA7zzF\\nq6gX96kWjS1ISF8wbzVgYUiGZeJlkHUGoxwqIDAdhgqegys6Eh8VH00+WYLHfNpq\\nib1CYX7OZ0Z17+KujOPTKrveP1SrOMzaxZn/0etl7nbmehOE21ZVlkpkbGVrbfrm\\nmTLbaOkS6jF8mJArco2gKJ0TkndGm075IZPWc5wgzvoyVSPFtqXosaFzgWBnmDYM\\nIhYinlg/bR1+5PmPapzrMkpfU8NXTDwEEHsdurwFiuk5h3jq//CKoSIJ30Wg+hwq\\nuRTJZb95OOBlmxmbYG/VoGsZFDiZ0cSzm3sxI59k7QKBgQDukbnEZnNsaHHNNMEC\\nIfh1K0ujs10n99QVM5O+G0LPIC3EtydpVdSG8TeWsdCj6UweS7zkd+ZSf5+75YkJ\\n8JuSW1DJfebZ3qOd/v4Bth+D/Arql6tS/ibYrToeN1Z7eA/sMuxvHFh19IZvESvq\\nOpAw2MHh2nQVr262Dfo0W09S3wKBgQDTwXPcDL1qWbggkTMyzw9EA1hw95XPRIuh\\njADmRPG/1hDg2NZiUZ+BldfIVRCe+Zm/dTe3YMMRXzMVSkHwNBMfOyrtWuTzlSQl\\nAS5MQiUAKqdeA9Xs+F6mPOB5CU0FomHG8Io6cahxyPxLkYEMnxlFNFh8sTLPPk3D\\nvCjcdnMYWwKBgHMfPR6KNb6lc+0LPOwTinq4Bssa/aQQ0nXcqrm9G/MpWwynOUx6\\nT5FCi4mbisveA45HDALP3QQIdANO019JjTkF+akRqTmPVzMh3l7jDLg7AuWLhPAK\\nlqJOjVIRcBkqqbxYIoHHkuRwuAKWrbNcyUHZB04+hXAFdQ5DFm73dQLPAoGBAJr0\\nA+kxdWYecyt5tSJn/H7Dh/NaaUi7mwXC4mGeb9z2M3GlmvNlUThNQxK4lKoQch51\\nEylgaD4NEN9ycF/qa1e+P0Ji8gkAyOs/OvbYrCS8Ea8tVVzLvs8c2xIW6ULHOY+P\\nM0djJmTlMyHFPs7SmXZXwKy2Kj0XFWa3CJuTHdPjAoGAVdpbLXUf7uPMyh9w/Lbq\\nkisbJ5VeEvdPhqXNIbXr5G8K5guLat2TbkA3SCYifHchaPL3t73lvrur/OqIK2BB\\n6QRIHbfssTfpUuKdwEbpn5O1GditcFI+yID+AH04Yp5ai6QUZFXGGh9mMtEwM5g8\\nzl1xcZnLlymm9BN8REo09yM=\\n-----END PRIVATE KEY-----\\n","GOOGLE_CLOUD_CLIENT_EMAIL":"firebase-adminsdk-fbsvc@univo-b6042.iam.gserviceaccount.com","JWT_SECRET":"jagadeeswar@123","JWT_EXPIRY":"1h","NODEMAILER_USER":"jagadeeswar079@gmail.com","NODEMAILER_PASS":"ywsb hwwu tpky vsce","RAZORPAY_KEY_ID":"rzp_test_OYOsYO0EkYkTcd","RAZORPAY_SECRET_KEY":"jZlJ8REUiJH1Ksmq4QcTLabV","FIREBASE_CONFIG":"{\"projectId\":\"univo-b6042\",\"storageBucket\":\"univo-b6042.firebasestorage.app\"}","GCLOUD_PROJECT":"univo-b6042","EVENTARC_CLOUD_EVENT_SOURCE":"projects/univo-b6042/locations/us-central1/services/api","FUNCTION_TARGET":"api","LOG_EXECUTION_ID":"true"},"maxInstanceCount":10,"ingressSettings":"ALLOW_ALL","uri":"https://api-jsbzn4xdwa-uc.a.run.app","serviceAccountEmail":"320945078293-compute@developer.gserviceaccount.com","availableMemory":"512Mi","allTrafficOnLatestRevision":true,"revision":"api-00010-cam","maxInstanceRequestConcurrency":80,"availableCpu":"1"},"state":"ACTIVE","labels":{"deployment-tool":"cli-firebase","firebase-functions-hash":"61edce8c959ffe7d4b725ba90dc889f830a18305"},"environment":"GEN_2","url":"https://us-central1-univo-b6042.cloudfunctions.net/api","satisfiesPzi":true},"stages":[{"name":"BUILD","message":"Build in progress","state":"IN_PROGRESS","resource":"projects/320945078293/locations/us-central1/builds/2fe46edd-6564-49a3-bf9b-8da8fd2d18d2","resourceUri":"https://console.cloud.google.com/cloud-build/builds;region=us-central1/2fe46edd-6564-49a3-bf9b-8da8fd2d18d2?project=320945078293"},{"name":"SERVICE","state":"NOT_STARTED"}],"operationType":"UPDATE_FUNCTION","buildName":"projects/320945078293/locations/us-central1/builds/2fe46edd-6564-49a3-bf9b-8da8fd2d18d2"},"done":false}
[debug] [2025-07-09T09:32:15.230Z] [update-default-us-central1-api] Retrying task index 0
[debug] [2025-07-09T09:32:15.231Z] Checked if tokens are valid: true, expires at: 1752057093034
[debug] [2025-07-09T09:32:15.231Z] Checked if tokens are valid: true, expires at: 1752057093034
[debug] [2025-07-09T09:32:15.231Z] >>> [apiv2][query] GET https://cloudfunctions.googleapis.com/v2/projects/univo-b6042/locations/us-central1/operations/operation-1752053525179-6397bbffeec19-f32b54ed-27bf46d7 [none]
[debug] [2025-07-09T09:32:16.627Z] <<< [apiv2][status] GET https://cloudfunctions.googleapis.com/v2/projects/univo-b6042/locations/us-central1/operations/operation-1752053525179-6397bbffeec19-f32b54ed-27bf46d7 200
[debug] [2025-07-09T09:32:16.627Z] <<< [apiv2][body] GET https://cloudfunctions.googleapis.com/v2/projects/univo-b6042/locations/us-central1/operations/operation-1752053525179-6397bbffeec19-f32b54ed-27bf46d7 {"name":"projects/univo-b6042/locations/us-central1/operations/operation-1752053525179-6397bbffeec19-f32b54ed-27bf46d7","metadata":{"@type":"type.googleapis.com/google.cloud.functions.v2.OperationMetadata","createTime":"2025-07-09T09:32:05.824161449Z","target":"projects/univo-b6042/locations/us-central1/functions/api","verb":"update","cancelRequested":false,"apiVersion":"v2","requestResource":{"@type":"type.googleapis.com/google.cloud.functions.v2.Function","name":"projects/univo-b6042/locations/us-central1/functions/api","buildConfig":{"runtime":"nodejs22","entryPoint":"api","source":{"storageSource":{"bucket":"gcf-v2-sources-320945078293-us-central1","object":"api/function-source.zip","generation":"1752053525764713"}},"environmentVariables":{"GOOGLE_NODE_RUN_SCRIPTS":""},"dockerRepository":"projects/univo-b6042/locations/us-central1/repositories/gcf-artifacts","serviceAccount":"projects/univo-b6042/serviceAccounts/320945078293-compute@developer.gserviceaccount.com","automaticUpdatePolicy":{}},"serviceConfig":{"service":"projects/univo-b6042/locations/us-central1/services/api","timeoutSeconds":60,"environmentVariables":{"GOOGLE_CLOUD_PROJECT_ID":"univo-b6042","GOOGLE_CLOUD_PRIVATE_KEY":"-----BEGIN PRIVATE KEY-----\\nMIIEvQIBADANBgkqhkiG9w0BAQEFAASCBKcwggSjAgEAAoIBAQDFVmPydRCXlANn\\nDhzPj6h3Z2Fl2xATD8oFu+I46CBMAgvQM3dlLmifMjGNx30N4aeXwRrc71uGBjvQ\\nRr17tPCX95Q9ipPUjlQtphVLJcCJSYHklkr6O96sRhUMXn3N2UrPZeXGFdQcwZEN\\nU/CTOwRoJu6Sw49LYzTfC4iZEY7p/0lrAg4WBz5CapguflzEVFvw+sv7O8u9DDDF\\nXTHuNdmZ0oVzJfdzUWju/hx8wMjSRfSXoqxxYwnjtaD+qL42+wgzGtFB5vlmf5/q\\nkI/B3NQ+HMa6LfdTfXLdFNoT/UFXnizAyVzJwN0auDItIhVqDYG2XuLzoyiTviPq\\nfaTpJF1FAgMBAAECggEAM5Ot0cwJByUXcpL8sr9Ab9zkVwPXgrPowHDn4qnA7zzF\\nq6gX96kWjS1ISF8wbzVgYUiGZeJlkHUGoxwqIDAdhgqegys6Eh8VH00+WYLHfNpq\\nib1CYX7OZ0Z17+KujOPTKrveP1SrOMzaxZn/0etl7nbmehOE21ZVlkpkbGVrbfrm\\nmTLbaOkS6jF8mJArco2gKJ0TkndGm075IZPWc5wgzvoyVSPFtqXosaFzgWBnmDYM\\nIhYinlg/bR1+5PmPapzrMkpfU8NXTDwEEHsdurwFiuk5h3jq//CKoSIJ30Wg+hwq\\nuRTJZb95OOBlmxmbYG/VoGsZFDiZ0cSzm3sxI59k7QKBgQDukbnEZnNsaHHNNMEC\\nIfh1K0ujs10n99QVM5O+G0LPIC3EtydpVdSG8TeWsdCj6UweS7zkd+ZSf5+75YkJ\\n8JuSW1DJfebZ3qOd/v4Bth+D/Arql6tS/ibYrToeN1Z7eA/sMuxvHFh19IZvESvq\\nOpAw2MHh2nQVr262Dfo0W09S3wKBgQDTwXPcDL1qWbggkTMyzw9EA1hw95XPRIuh\\njADmRPG/1hDg2NZiUZ+BldfIVRCe+Zm/dTe3YMMRXzMVSkHwNBMfOyrtWuTzlSQl\\nAS5MQiUAKqdeA9Xs+F6mPOB5CU0FomHG8Io6cahxyPxLkYEMnxlFNFh8sTLPPk3D\\nvCjcdnMYWwKBgHMfPR6KNb6lc+0LPOwTinq4Bssa/aQQ0nXcqrm9G/MpWwynOUx6\\nT5FCi4mbisveA45HDALP3QQIdANO019JjTkF+akRqTmPVzMh3l7jDLg7AuWLhPAK\\nlqJOjVIRcBkqqbxYIoHHkuRwuAKWrbNcyUHZB04+hXAFdQ5DFm73dQLPAoGBAJr0\\nA+kxdWYecyt5tSJn/H7Dh/NaaUi7mwXC4mGeb9z2M3GlmvNlUThNQxK4lKoQch51\\nEylgaD4NEN9ycF/qa1e+P0Ji8gkAyOs/OvbYrCS8Ea8tVVzLvs8c2xIW6ULHOY+P\\nM0djJmTlMyHFPs7SmXZXwKy2Kj0XFWa3CJuTHdPjAoGAVdpbLXUf7uPMyh9w/Lbq\\nkisbJ5VeEvdPhqXNIbXr5G8K5guLat2TbkA3SCYifHchaPL3t73lvrur/OqIK2BB\\n6QRIHbfssTfpUuKdwEbpn5O1GditcFI+yID+AH04Yp5ai6QUZFXGGh9mMtEwM5g8\\nzl1xcZnLlymm9BN8REo09yM=\\n-----END PRIVATE KEY-----\\n","GOOGLE_CLOUD_CLIENT_EMAIL":"firebase-adminsdk-fbsvc@univo-b6042.iam.gserviceaccount.com","JWT_SECRET":"jagadeeswar@123","JWT_EXPIRY":"1h","NODEMAILER_USER":"jagadeeswar079@gmail.com","NODEMAILER_PASS":"ywsb hwwu tpky vsce","RAZORPAY_KEY_ID":"rzp_test_OYOsYO0EkYkTcd","RAZORPAY_SECRET_KEY":"jZlJ8REUiJH1Ksmq4QcTLabV","FIREBASE_CONFIG":"{\"projectId\":\"univo-b6042\",\"storageBucket\":\"univo-b6042.firebasestorage.app\"}","GCLOUD_PROJECT":"univo-b6042","EVENTARC_CLOUD_EVENT_SOURCE":"projects/univo-b6042/locations/us-central1/services/api","FUNCTION_TARGET":"api","LOG_EXECUTION_ID":"true"},"maxInstanceCount":10,"ingressSettings":"ALLOW_ALL","uri":"https://api-jsbzn4xdwa-uc.a.run.app","serviceAccountEmail":"320945078293-compute@developer.gserviceaccount.com","availableMemory":"512Mi","allTrafficOnLatestRevision":true,"revision":"api-00010-cam","maxInstanceRequestConcurrency":80,"availableCpu":"1"},"state":"ACTIVE","labels":{"deployment-tool":"cli-firebase","firebase-functions-hash":"61edce8c959ffe7d4b725ba90dc889f830a18305"},"environment":"GEN_2","url":"https://us-central1-univo-b6042.cloudfunctions.net/api","satisfiesPzi":true},"stages":[{"name":"BUILD","message":"Build in progress","state":"IN_PROGRESS","resource":"projects/320945078293/locations/us-central1/builds/2fe46edd-6564-49a3-bf9b-8da8fd2d18d2","resourceUri":"https://console.cloud.google.com/cloud-build/builds;region=us-central1/2fe46edd-6564-49a3-bf9b-8da8fd2d18d2?project=320945078293"},{"name":"SERVICE","state":"NOT_STARTED"}],"operationType":"UPDATE_FUNCTION","buildName":"projects/320945078293/locations/us-central1/builds/2fe46edd-6564-49a3-bf9b-8da8fd2d18d2"},"done":false}
[debug] [2025-07-09T09:32:24.636Z] [update-default-us-central1-api] Retrying task index 0
[debug] [2025-07-09T09:32:24.636Z] Checked if tokens are valid: true, expires at: 1752057093034
[debug] [2025-07-09T09:32:24.636Z] Checked if tokens are valid: true, expires at: 1752057093034
[debug] [2025-07-09T09:32:24.636Z] >>> [apiv2][query] GET https://cloudfunctions.googleapis.com/v2/projects/univo-b6042/locations/us-central1/operations/operation-1752053525179-6397bbffeec19-f32b54ed-27bf46d7 [none]
[debug] [2025-07-09T09:32:26.144Z] <<< [apiv2][status] GET https://cloudfunctions.googleapis.com/v2/projects/univo-b6042/locations/us-central1/operations/operation-1752053525179-6397bbffeec19-f32b54ed-27bf46d7 200
[debug] [2025-07-09T09:32:26.144Z] <<< [apiv2][body] GET https://cloudfunctions.googleapis.com/v2/projects/univo-b6042/locations/us-central1/operations/operation-1752053525179-6397bbffeec19-f32b54ed-27bf46d7 {"name":"projects/univo-b6042/locations/us-central1/operations/operation-1752053525179-6397bbffeec19-f32b54ed-27bf46d7","metadata":{"@type":"type.googleapis.com/google.cloud.functions.v2.OperationMetadata","createTime":"2025-07-09T09:32:05.824161449Z","target":"projects/univo-b6042/locations/us-central1/functions/api","verb":"update","cancelRequested":false,"apiVersion":"v2","requestResource":{"@type":"type.googleapis.com/google.cloud.functions.v2.Function","name":"projects/univo-b6042/locations/us-central1/functions/api","buildConfig":{"runtime":"nodejs22","entryPoint":"api","source":{"storageSource":{"bucket":"gcf-v2-sources-320945078293-us-central1","object":"api/function-source.zip","generation":"1752053525764713"}},"environmentVariables":{"GOOGLE_NODE_RUN_SCRIPTS":""},"dockerRepository":"projects/univo-b6042/locations/us-central1/repositories/gcf-artifacts","serviceAccount":"projects/univo-b6042/serviceAccounts/320945078293-compute@developer.gserviceaccount.com","automaticUpdatePolicy":{}},"serviceConfig":{"service":"projects/univo-b6042/locations/us-central1/services/api","timeoutSeconds":60,"environmentVariables":{"GOOGLE_CLOUD_PROJECT_ID":"univo-b6042","GOOGLE_CLOUD_PRIVATE_KEY":"-----BEGIN PRIVATE KEY-----\\nMIIEvQIBADANBgkqhkiG9w0BAQEFAASCBKcwggSjAgEAAoIBAQDFVmPydRCXlANn\\nDhzPj6h3Z2Fl2xATD8oFu+I46CBMAgvQM3dlLmifMjGNx30N4aeXwRrc71uGBjvQ\\nRr17tPCX95Q9ipPUjlQtphVLJcCJSYHklkr6O96sRhUMXn3N2UrPZeXGFdQcwZEN\\nU/CTOwRoJu6Sw49LYzTfC4iZEY7p/0lrAg4WBz5CapguflzEVFvw+sv7O8u9DDDF\\nXTHuNdmZ0oVzJfdzUWju/hx8wMjSRfSXoqxxYwnjtaD+qL42+wgzGtFB5vlmf5/q\\nkI/B3NQ+HMa6LfdTfXLdFNoT/UFXnizAyVzJwN0auDItIhVqDYG2XuLzoyiTviPq\\nfaTpJF1FAgMBAAECggEAM5Ot0cwJByUXcpL8sr9Ab9zkVwPXgrPowHDn4qnA7zzF\\nq6gX96kWjS1ISF8wbzVgYUiGZeJlkHUGoxwqIDAdhgqegys6Eh8VH00+WYLHfNpq\\nib1CYX7OZ0Z17+KujOPTKrveP1SrOMzaxZn/0etl7nbmehOE21ZVlkpkbGVrbfrm\\nmTLbaOkS6jF8mJArco2gKJ0TkndGm075IZPWc5wgzvoyVSPFtqXosaFzgWBnmDYM\\nIhYinlg/bR1+5PmPapzrMkpfU8NXTDwEEHsdurwFiuk5h3jq//CKoSIJ30Wg+hwq\\nuRTJZb95OOBlmxmbYG/VoGsZFDiZ0cSzm3sxI59k7QKBgQDukbnEZnNsaHHNNMEC\\nIfh1K0ujs10n99QVM5O+G0LPIC3EtydpVdSG8TeWsdCj6UweS7zkd+ZSf5+75YkJ\\n8JuSW1DJfebZ3qOd/v4Bth+D/Arql6tS/ibYrToeN1Z7eA/sMuxvHFh19IZvESvq\\nOpAw2MHh2nQVr262Dfo0W09S3wKBgQDTwXPcDL1qWbggkTMyzw9EA1hw95XPRIuh\\njADmRPG/1hDg2NZiUZ+BldfIVRCe+Zm/dTe3YMMRXzMVSkHwNBMfOyrtWuTzlSQl\\nAS5MQiUAKqdeA9Xs+F6mPOB5CU0FomHG8Io6cahxyPxLkYEMnxlFNFh8sTLPPk3D\\nvCjcdnMYWwKBgHMfPR6KNb6lc+0LPOwTinq4Bssa/aQQ0nXcqrm9G/MpWwynOUx6\\nT5FCi4mbisveA45HDALP3QQIdANO019JjTkF+akRqTmPVzMh3l7jDLg7AuWLhPAK\\nlqJOjVIRcBkqqbxYIoHHkuRwuAKWrbNcyUHZB04+hXAFdQ5DFm73dQLPAoGBAJr0\\nA+kxdWYecyt5tSJn/H7Dh/NaaUi7mwXC4mGeb9z2M3GlmvNlUThNQxK4lKoQch51\\nEylgaD4NEN9ycF/qa1e+P0Ji8gkAyOs/OvbYrCS8Ea8tVVzLvs8c2xIW6ULHOY+P\\nM0djJmTlMyHFPs7SmXZXwKy2Kj0XFWa3CJuTHdPjAoGAVdpbLXUf7uPMyh9w/Lbq\\nkisbJ5VeEvdPhqXNIbXr5G8K5guLat2TbkA3SCYifHchaPL3t73lvrur/OqIK2BB\\n6QRIHbfssTfpUuKdwEbpn5O1GditcFI+yID+AH04Yp5ai6QUZFXGGh9mMtEwM5g8\\nzl1xcZnLlymm9BN8REo09yM=\\n-----END PRIVATE KEY-----\\n","GOOGLE_CLOUD_CLIENT_EMAIL":"firebase-adminsdk-fbsvc@univo-b6042.iam.gserviceaccount.com","JWT_SECRET":"jagadeeswar@123","JWT_EXPIRY":"1h","NODEMAILER_USER":"jagadeeswar079@gmail.com","NODEMAILER_PASS":"ywsb hwwu tpky vsce","RAZORPAY_KEY_ID":"rzp_test_OYOsYO0EkYkTcd","RAZORPAY_SECRET_KEY":"jZlJ8REUiJH1Ksmq4QcTLabV","FIREBASE_CONFIG":"{\"projectId\":\"univo-b6042\",\"storageBucket\":\"univo-b6042.firebasestorage.app\"}","GCLOUD_PROJECT":"univo-b6042","EVENTARC_CLOUD_EVENT_SOURCE":"projects/univo-b6042/locations/us-central1/services/api","FUNCTION_TARGET":"api","LOG_EXECUTION_ID":"true"},"maxInstanceCount":10,"ingressSettings":"ALLOW_ALL","uri":"https://api-jsbzn4xdwa-uc.a.run.app","serviceAccountEmail":"320945078293-compute@developer.gserviceaccount.com","availableMemory":"512Mi","allTrafficOnLatestRevision":true,"revision":"api-00010-cam","maxInstanceRequestConcurrency":80,"availableCpu":"1"},"state":"ACTIVE","labels":{"deployment-tool":"cli-firebase","firebase-functions-hash":"61edce8c959ffe7d4b725ba90dc889f830a18305"},"environment":"GEN_2","url":"https://us-central1-univo-b6042.cloudfunctions.net/api","satisfiesPzi":true},"stages":[{"name":"BUILD","message":"Build in progress","state":"IN_PROGRESS","resource":"projects/320945078293/locations/us-central1/builds/2fe46edd-6564-49a3-bf9b-8da8fd2d18d2","resourceUri":"https://console.cloud.google.com/cloud-build/builds;region=us-central1/2fe46edd-6564-49a3-bf9b-8da8fd2d18d2?project=320945078293"},{"name":"SERVICE","state":"NOT_STARTED"}],"operationType":"UPDATE_FUNCTION","buildName":"projects/320945078293/locations/us-central1/builds/2fe46edd-6564-49a3-bf9b-8da8fd2d18d2"},"done":false}
[debug] [2025-07-09T09:32:36.159Z] [update-default-us-central1-api] Retrying task index 0
[debug] [2025-07-09T09:32:36.159Z] Checked if tokens are valid: true, expires at: 1752057093034
[debug] [2025-07-09T09:32:36.159Z] Checked if tokens are valid: true, expires at: 1752057093034
[debug] [2025-07-09T09:32:36.159Z] >>> [apiv2][query] GET https://cloudfunctions.googleapis.com/v2/projects/univo-b6042/locations/us-central1/operations/operation-1752053525179-6397bbffeec19-f32b54ed-27bf46d7 [none]
[debug] [2025-07-09T09:32:37.552Z] <<< [apiv2][status] GET https://cloudfunctions.googleapis.com/v2/projects/univo-b6042/locations/us-central1/operations/operation-1752053525179-6397bbffeec19-f32b54ed-27bf46d7 200
[debug] [2025-07-09T09:32:37.553Z] <<< [apiv2][body] GET https://cloudfunctions.googleapis.com/v2/projects/univo-b6042/locations/us-central1/operations/operation-1752053525179-6397bbffeec19-f32b54ed-27bf46d7 {"name":"projects/univo-b6042/locations/us-central1/operations/operation-1752053525179-6397bbffeec19-f32b54ed-27bf46d7","metadata":{"@type":"type.googleapis.com/google.cloud.functions.v2.OperationMetadata","createTime":"2025-07-09T09:32:05.824161449Z","target":"projects/univo-b6042/locations/us-central1/functions/api","verb":"update","cancelRequested":false,"apiVersion":"v2","requestResource":{"@type":"type.googleapis.com/google.cloud.functions.v2.Function","name":"projects/univo-b6042/locations/us-central1/functions/api","buildConfig":{"runtime":"nodejs22","entryPoint":"api","source":{"storageSource":{"bucket":"gcf-v2-sources-320945078293-us-central1","object":"api/function-source.zip","generation":"1752053525764713"}},"environmentVariables":{"GOOGLE_NODE_RUN_SCRIPTS":""},"dockerRepository":"projects/univo-b6042/locations/us-central1/repositories/gcf-artifacts","serviceAccount":"projects/univo-b6042/serviceAccounts/320945078293-compute@developer.gserviceaccount.com","automaticUpdatePolicy":{}},"serviceConfig":{"service":"projects/univo-b6042/locations/us-central1/services/api","timeoutSeconds":60,"environmentVariables":{"GOOGLE_CLOUD_PROJECT_ID":"univo-b6042","GOOGLE_CLOUD_PRIVATE_KEY":"-----BEGIN PRIVATE KEY-----\\nMIIEvQIBADANBgkqhkiG9w0BAQEFAASCBKcwggSjAgEAAoIBAQDFVmPydRCXlANn\\nDhzPj6h3Z2Fl2xATD8oFu+I46CBMAgvQM3dlLmifMjGNx30N4aeXwRrc71uGBjvQ\\nRr17tPCX95Q9ipPUjlQtphVLJcCJSYHklkr6O96sRhUMXn3N2UrPZeXGFdQcwZEN\\nU/CTOwRoJu6Sw49LYzTfC4iZEY7p/0lrAg4WBz5CapguflzEVFvw+sv7O8u9DDDF\\nXTHuNdmZ0oVzJfdzUWju/hx8wMjSRfSXoqxxYwnjtaD+qL42+wgzGtFB5vlmf5/q\\nkI/B3NQ+HMa6LfdTfXLdFNoT/UFXnizAyVzJwN0auDItIhVqDYG2XuLzoyiTviPq\\nfaTpJF1FAgMBAAECggEAM5Ot0cwJByUXcpL8sr9Ab9zkVwPXgrPowHDn4qnA7zzF\\nq6gX96kWjS1ISF8wbzVgYUiGZeJlkHUGoxwqIDAdhgqegys6Eh8VH00+WYLHfNpq\\nib1CYX7OZ0Z17+KujOPTKrveP1SrOMzaxZn/0etl7nbmehOE21ZVlkpkbGVrbfrm\\nmTLbaOkS6jF8mJArco2gKJ0TkndGm075IZPWc5wgzvoyVSPFtqXosaFzgWBnmDYM\\nIhYinlg/bR1+5PmPapzrMkpfU8NXTDwEEHsdurwFiuk5h3jq//CKoSIJ30Wg+hwq\\nuRTJZb95OOBlmxmbYG/VoGsZFDiZ0cSzm3sxI59k7QKBgQDukbnEZnNsaHHNNMEC\\nIfh1K0ujs10n99QVM5O+G0LPIC3EtydpVdSG8TeWsdCj6UweS7zkd+ZSf5+75YkJ\\n8JuSW1DJfebZ3qOd/v4Bth+D/Arql6tS/ibYrToeN1Z7eA/sMuxvHFh19IZvESvq\\nOpAw2MHh2nQVr262Dfo0W09S3wKBgQDTwXPcDL1qWbggkTMyzw9EA1hw95XPRIuh\\njADmRPG/1hDg2NZiUZ+BldfIVRCe+Zm/dTe3YMMRXzMVSkHwNBMfOyrtWuTzlSQl\\nAS5MQiUAKqdeA9Xs+F6mPOB5CU0FomHG8Io6cahxyPxLkYEMnxlFNFh8sTLPPk3D\\nvCjcdnMYWwKBgHMfPR6KNb6lc+0LPOwTinq4Bssa/aQQ0nXcqrm9G/MpWwynOUx6\\nT5FCi4mbisveA45HDALP3QQIdANO019JjTkF+akRqTmPVzMh3l7jDLg7AuWLhPAK\\nlqJOjVIRcBkqqbxYIoHHkuRwuAKWrbNcyUHZB04+hXAFdQ5DFm73dQLPAoGBAJr0\\nA+kxdWYecyt5tSJn/H7Dh/NaaUi7mwXC4mGeb9z2M3GlmvNlUThNQxK4lKoQch51\\nEylgaD4NEN9ycF/qa1e+P0Ji8gkAyOs/OvbYrCS8Ea8tVVzLvs8c2xIW6ULHOY+P\\nM0djJmTlMyHFPs7SmXZXwKy2Kj0XFWa3CJuTHdPjAoGAVdpbLXUf7uPMyh9w/Lbq\\nkisbJ5VeEvdPhqXNIbXr5G8K5guLat2TbkA3SCYifHchaPL3t73lvrur/OqIK2BB\\n6QRIHbfssTfpUuKdwEbpn5O1GditcFI+yID+AH04Yp5ai6QUZFXGGh9mMtEwM5g8\\nzl1xcZnLlymm9BN8REo09yM=\\n-----END PRIVATE KEY-----\\n","GOOGLE_CLOUD_CLIENT_EMAIL":"firebase-adminsdk-fbsvc@univo-b6042.iam.gserviceaccount.com","JWT_SECRET":"jagadeeswar@123","JWT_EXPIRY":"1h","NODEMAILER_USER":"jagadeeswar079@gmail.com","NODEMAILER_PASS":"ywsb hwwu tpky vsce","RAZORPAY_KEY_ID":"rzp_test_OYOsYO0EkYkTcd","RAZORPAY_SECRET_KEY":"jZlJ8REUiJH1Ksmq4QcTLabV","FIREBASE_CONFIG":"{\"projectId\":\"univo-b6042\",\"storageBucket\":\"univo-b6042.firebasestorage.app\"}","GCLOUD_PROJECT":"univo-b6042","EVENTARC_CLOUD_EVENT_SOURCE":"projects/univo-b6042/locations/us-central1/services/api","FUNCTION_TARGET":"api","LOG_EXECUTION_ID":"true"},"maxInstanceCount":10,"ingressSettings":"ALLOW_ALL","uri":"https://api-jsbzn4xdwa-uc.a.run.app","serviceAccountEmail":"320945078293-compute@developer.gserviceaccount.com","availableMemory":"512Mi","allTrafficOnLatestRevision":true,"revision":"api-00010-cam","maxInstanceRequestConcurrency":80,"availableCpu":"1"},"state":"ACTIVE","labels":{"deployment-tool":"cli-firebase","firebase-functions-hash":"61edce8c959ffe7d4b725ba90dc889f830a18305"},"environment":"GEN_2","url":"https://us-central1-univo-b6042.cloudfunctions.net/api","satisfiesPzi":true},"stages":[{"name":"BUILD","message":"Build in progress","state":"IN_PROGRESS","resource":"projects/320945078293/locations/us-central1/builds/2fe46edd-6564-49a3-bf9b-8da8fd2d18d2","resourceUri":"https://console.cloud.google.com/cloud-build/builds;region=us-central1/2fe46edd-6564-49a3-bf9b-8da8fd2d18d2?project=320945078293"},{"name":"SERVICE","state":"NOT_STARTED"}],"operationType":"UPDATE_FUNCTION","buildName":"projects/320945078293/locations/us-central1/builds/2fe46edd-6564-49a3-bf9b-8da8fd2d18d2"},"done":false}
[debug] [2025-07-09T09:32:47.557Z] [update-default-us-central1-api] Retrying task index 0
[debug] [2025-07-09T09:32:47.558Z] Checked if tokens are valid: true, expires at: 1752057093034
[debug] [2025-07-09T09:32:47.558Z] Checked if tokens are valid: true, expires at: 1752057093034
[debug] [2025-07-09T09:32:47.558Z] >>> [apiv2][query] GET https://cloudfunctions.googleapis.com/v2/projects/univo-b6042/locations/us-central1/operations/operation-1752053525179-6397bbffeec19-f32b54ed-27bf46d7 [none]
[debug] [2025-07-09T09:32:49.016Z] <<< [apiv2][status] GET https://cloudfunctions.googleapis.com/v2/projects/univo-b6042/locations/us-central1/operations/operation-1752053525179-6397bbffeec19-f32b54ed-27bf46d7 200
[debug] [2025-07-09T09:32:49.016Z] <<< [apiv2][body] GET https://cloudfunctions.googleapis.com/v2/projects/univo-b6042/locations/us-central1/operations/operation-1752053525179-6397bbffeec19-f32b54ed-27bf46d7 {"name":"projects/univo-b6042/locations/us-central1/operations/operation-1752053525179-6397bbffeec19-f32b54ed-27bf46d7","metadata":{"@type":"type.googleapis.com/google.cloud.functions.v2.OperationMetadata","createTime":"2025-07-09T09:32:05.824161449Z","target":"projects/univo-b6042/locations/us-central1/functions/api","verb":"update","cancelRequested":false,"apiVersion":"v2","requestResource":{"@type":"type.googleapis.com/google.cloud.functions.v2.Function","name":"projects/univo-b6042/locations/us-central1/functions/api","buildConfig":{"runtime":"nodejs22","entryPoint":"api","source":{"storageSource":{"bucket":"gcf-v2-sources-320945078293-us-central1","object":"api/function-source.zip","generation":"1752053525764713"}},"environmentVariables":{"GOOGLE_NODE_RUN_SCRIPTS":""},"dockerRepository":"projects/univo-b6042/locations/us-central1/repositories/gcf-artifacts","serviceAccount":"projects/univo-b6042/serviceAccounts/320945078293-compute@developer.gserviceaccount.com","automaticUpdatePolicy":{}},"serviceConfig":{"service":"projects/univo-b6042/locations/us-central1/services/api","timeoutSeconds":60,"environmentVariables":{"GOOGLE_CLOUD_PROJECT_ID":"univo-b6042","GOOGLE_CLOUD_PRIVATE_KEY":"-----BEGIN PRIVATE KEY-----\\nMIIEvQIBADANBgkqhkiG9w0BAQEFAASCBKcwggSjAgEAAoIBAQDFVmPydRCXlANn\\nDhzPj6h3Z2Fl2xATD8oFu+I46CBMAgvQM3dlLmifMjGNx30N4aeXwRrc71uGBjvQ\\nRr17tPCX95Q9ipPUjlQtphVLJcCJSYHklkr6O96sRhUMXn3N2UrPZeXGFdQcwZEN\\nU/CTOwRoJu6Sw49LYzTfC4iZEY7p/0lrAg4WBz5CapguflzEVFvw+sv7O8u9DDDF\\nXTHuNdmZ0oVzJfdzUWju/hx8wMjSRfSXoqxxYwnjtaD+qL42+wgzGtFB5vlmf5/q\\nkI/B3NQ+HMa6LfdTfXLdFNoT/UFXnizAyVzJwN0auDItIhVqDYG2XuLzoyiTviPq\\nfaTpJF1FAgMBAAECggEAM5Ot0cwJByUXcpL8sr9Ab9zkVwPXgrPowHDn4qnA7zzF\\nq6gX96kWjS1ISF8wbzVgYUiGZeJlkHUGoxwqIDAdhgqegys6Eh8VH00+WYLHfNpq\\nib1CYX7OZ0Z17+KujOPTKrveP1SrOMzaxZn/0etl7nbmehOE21ZVlkpkbGVrbfrm\\nmTLbaOkS6jF8mJArco2gKJ0TkndGm075IZPWc5wgzvoyVSPFtqXosaFzgWBnmDYM\\nIhYinlg/bR1+5PmPapzrMkpfU8NXTDwEEHsdurwFiuk5h3jq//CKoSIJ30Wg+hwq\\nuRTJZb95OOBlmxmbYG/VoGsZFDiZ0cSzm3sxI59k7QKBgQDukbnEZnNsaHHNNMEC\\nIfh1K0ujs10n99QVM5O+G0LPIC3EtydpVdSG8TeWsdCj6UweS7zkd+ZSf5+75YkJ\\n8JuSW1DJfebZ3qOd/v4Bth+D/Arql6tS/ibYrToeN1Z7eA/sMuxvHFh19IZvESvq\\nOpAw2MHh2nQVr262Dfo0W09S3wKBgQDTwXPcDL1qWbggkTMyzw9EA1hw95XPRIuh\\njADmRPG/1hDg2NZiUZ+BldfIVRCe+Zm/dTe3YMMRXzMVSkHwNBMfOyrtWuTzlSQl\\nAS5MQiUAKqdeA9Xs+F6mPOB5CU0FomHG8Io6cahxyPxLkYEMnxlFNFh8sTLPPk3D\\nvCjcdnMYWwKBgHMfPR6KNb6lc+0LPOwTinq4Bssa/aQQ0nXcqrm9G/MpWwynOUx6\\nT5FCi4mbisveA45HDALP3QQIdANO019JjTkF+akRqTmPVzMh3l7jDLg7AuWLhPAK\\nlqJOjVIRcBkqqbxYIoHHkuRwuAKWrbNcyUHZB04+hXAFdQ5DFm73dQLPAoGBAJr0\\nA+kxdWYecyt5tSJn/H7Dh/NaaUi7mwXC4mGeb9z2M3GlmvNlUThNQxK4lKoQch51\\nEylgaD4NEN9ycF/qa1e+P0Ji8gkAyOs/OvbYrCS8Ea8tVVzLvs8c2xIW6ULHOY+P\\nM0djJmTlMyHFPs7SmXZXwKy2Kj0XFWa3CJuTHdPjAoGAVdpbLXUf7uPMyh9w/Lbq\\nkisbJ5VeEvdPhqXNIbXr5G8K5guLat2TbkA3SCYifHchaPL3t73lvrur/OqIK2BB\\n6QRIHbfssTfpUuKdwEbpn5O1GditcFI+yID+AH04Yp5ai6QUZFXGGh9mMtEwM5g8\\nzl1xcZnLlymm9BN8REo09yM=\\n-----END PRIVATE KEY-----\\n","GOOGLE_CLOUD_CLIENT_EMAIL":"firebase-adminsdk-fbsvc@univo-b6042.iam.gserviceaccount.com","JWT_SECRET":"jagadeeswar@123","JWT_EXPIRY":"1h","NODEMAILER_USER":"jagadeeswar079@gmail.com","NODEMAILER_PASS":"ywsb hwwu tpky vsce","RAZORPAY_KEY_ID":"rzp_test_OYOsYO0EkYkTcd","RAZORPAY_SECRET_KEY":"jZlJ8REUiJH1Ksmq4QcTLabV","FIREBASE_CONFIG":"{\"projectId\":\"univo-b6042\",\"storageBucket\":\"univo-b6042.firebasestorage.app\"}","GCLOUD_PROJECT":"univo-b6042","EVENTARC_CLOUD_EVENT_SOURCE":"projects/univo-b6042/locations/us-central1/services/api","FUNCTION_TARGET":"api","LOG_EXECUTION_ID":"true"},"maxInstanceCount":10,"ingressSettings":"ALLOW_ALL","uri":"https://api-jsbzn4xdwa-uc.a.run.app","serviceAccountEmail":"320945078293-compute@developer.gserviceaccount.com","availableMemory":"512Mi","allTrafficOnLatestRevision":true,"revision":"api-00010-cam","maxInstanceRequestConcurrency":80,"availableCpu":"1"},"state":"ACTIVE","labels":{"deployment-tool":"cli-firebase","firebase-functions-hash":"61edce8c959ffe7d4b725ba90dc889f830a18305"},"environment":"GEN_2","url":"https://us-central1-univo-b6042.cloudfunctions.net/api","satisfiesPzi":true},"stages":[{"name":"BUILD","message":"Build in progress","state":"IN_PROGRESS","resource":"projects/320945078293/locations/us-central1/builds/2fe46edd-6564-49a3-bf9b-8da8fd2d18d2","resourceUri":"https://console.cloud.google.com/cloud-build/builds;region=us-central1/2fe46edd-6564-49a3-bf9b-8da8fd2d18d2?project=320945078293"},{"name":"SERVICE","state":"NOT_STARTED"}],"operationType":"UPDATE_FUNCTION","buildName":"projects/320945078293/locations/us-central1/builds/2fe46edd-6564-49a3-bf9b-8da8fd2d18d2"},"done":false}
[debug] [2025-07-09T09:32:59.027Z] [update-default-us-central1-api] Retrying task index 0
[debug] [2025-07-09T09:32:59.027Z] Checked if tokens are valid: true, expires at: 1752057093034
[debug] [2025-07-09T09:32:59.027Z] Checked if tokens are valid: true, expires at: 1752057093034
[debug] [2025-07-09T09:32:59.028Z] >>> [apiv2][query] GET https://cloudfunctions.googleapis.com/v2/projects/univo-b6042/locations/us-central1/operations/operation-1752053525179-6397bbffeec19-f32b54ed-27bf46d7 [none]
[debug] [2025-07-09T09:33:00.415Z] <<< [apiv2][status] GET https://cloudfunctions.googleapis.com/v2/projects/univo-b6042/locations/us-central1/operations/operation-1752053525179-6397bbffeec19-f32b54ed-27bf46d7 200
[debug] [2025-07-09T09:33:00.416Z] <<< [apiv2][body] GET https://cloudfunctions.googleapis.com/v2/projects/univo-b6042/locations/us-central1/operations/operation-1752053525179-6397bbffeec19-f32b54ed-27bf46d7 {"name":"projects/univo-b6042/locations/us-central1/operations/operation-1752053525179-6397bbffeec19-f32b54ed-27bf46d7","metadata":{"@type":"type.googleapis.com/google.cloud.functions.v2.OperationMetadata","createTime":"2025-07-09T09:32:05.824161449Z","target":"projects/univo-b6042/locations/us-central1/functions/api","verb":"update","cancelRequested":false,"apiVersion":"v2","requestResource":{"@type":"type.googleapis.com/google.cloud.functions.v2.Function","name":"projects/univo-b6042/locations/us-central1/functions/api","buildConfig":{"runtime":"nodejs22","entryPoint":"api","source":{"storageSource":{"bucket":"gcf-v2-sources-320945078293-us-central1","object":"api/function-source.zip","generation":"1752053525764713"}},"environmentVariables":{"GOOGLE_NODE_RUN_SCRIPTS":""},"dockerRepository":"projects/univo-b6042/locations/us-central1/repositories/gcf-artifacts","serviceAccount":"projects/univo-b6042/serviceAccounts/320945078293-compute@developer.gserviceaccount.com","automaticUpdatePolicy":{}},"serviceConfig":{"service":"projects/univo-b6042/locations/us-central1/services/api","timeoutSeconds":60,"environmentVariables":{"GOOGLE_CLOUD_PROJECT_ID":"univo-b6042","GOOGLE_CLOUD_PRIVATE_KEY":"-----BEGIN PRIVATE KEY-----\\nMIIEvQIBADANBgkqhkiG9w0BAQEFAASCBKcwggSjAgEAAoIBAQDFVmPydRCXlANn\\nDhzPj6h3Z2Fl2xATD8oFu+I46CBMAgvQM3dlLmifMjGNx30N4aeXwRrc71uGBjvQ\\nRr17tPCX95Q9ipPUjlQtphVLJcCJSYHklkr6O96sRhUMXn3N2UrPZeXGFdQcwZEN\\nU/CTOwRoJu6Sw49LYzTfC4iZEY7p/0lrAg4WBz5CapguflzEVFvw+sv7O8u9DDDF\\nXTHuNdmZ0oVzJfdzUWju/hx8wMjSRfSXoqxxYwnjtaD+qL42+wgzGtFB5vlmf5/q\\nkI/B3NQ+HMa6LfdTfXLdFNoT/UFXnizAyVzJwN0auDItIhVqDYG2XuLzoyiTviPq\\nfaTpJF1FAgMBAAECggEAM5Ot0cwJByUXcpL8sr9Ab9zkVwPXgrPowHDn4qnA7zzF\\nq6gX96kWjS1ISF8wbzVgYUiGZeJlkHUGoxwqIDAdhgqegys6Eh8VH00+WYLHfNpq\\nib1CYX7OZ0Z17+KujOPTKrveP1SrOMzaxZn/0etl7nbmehOE21ZVlkpkbGVrbfrm\\nmTLbaOkS6jF8mJArco2gKJ0TkndGm075IZPWc5wgzvoyVSPFtqXosaFzgWBnmDYM\\nIhYinlg/bR1+5PmPapzrMkpfU8NXTDwEEHsdurwFiuk5h3jq//CKoSIJ30Wg+hwq\\nuRTJZb95OOBlmxmbYG/VoGsZFDiZ0cSzm3sxI59k7QKBgQDukbnEZnNsaHHNNMEC\\nIfh1K0ujs10n99QVM5O+G0LPIC3EtydpVdSG8TeWsdCj6UweS7zkd+ZSf5+75YkJ\\n8JuSW1DJfebZ3qOd/v4Bth+D/Arql6tS/ibYrToeN1Z7eA/sMuxvHFh19IZvESvq\\nOpAw2MHh2nQVr262Dfo0W09S3wKBgQDTwXPcDL1qWbggkTMyzw9EA1hw95XPRIuh\\njADmRPG/1hDg2NZiUZ+BldfIVRCe+Zm/dTe3YMMRXzMVSkHwNBMfOyrtWuTzlSQl\\nAS5MQiUAKqdeA9Xs+F6mPOB5CU0FomHG8Io6cahxyPxLkYEMnxlFNFh8sTLPPk3D\\nvCjcdnMYWwKBgHMfPR6KNb6lc+0LPOwTinq4Bssa/aQQ0nXcqrm9G/MpWwynOUx6\\nT5FCi4mbisveA45HDALP3QQIdANO019JjTkF+akRqTmPVzMh3l7jDLg7AuWLhPAK\\nlqJOjVIRcBkqqbxYIoHHkuRwuAKWrbNcyUHZB04+hXAFdQ5DFm73dQLPAoGBAJr0\\nA+kxdWYecyt5tSJn/H7Dh/NaaUi7mwXC4mGeb9z2M3GlmvNlUThNQxK4lKoQch51\\nEylgaD4NEN9ycF/qa1e+P0Ji8gkAyOs/OvbYrCS8Ea8tVVzLvs8c2xIW6ULHOY+P\\nM0djJmTlMyHFPs7SmXZXwKy2Kj0XFWa3CJuTHdPjAoGAVdpbLXUf7uPMyh9w/Lbq\\nkisbJ5VeEvdPhqXNIbXr5G8K5guLat2TbkA3SCYifHchaPL3t73lvrur/OqIK2BB\\n6QRIHbfssTfpUuKdwEbpn5O1GditcFI+yID+AH04Yp5ai6QUZFXGGh9mMtEwM5g8\\nzl1xcZnLlymm9BN8REo09yM=\\n-----END PRIVATE KEY-----\\n","GOOGLE_CLOUD_CLIENT_EMAIL":"firebase-adminsdk-fbsvc@univo-b6042.iam.gserviceaccount.com","JWT_SECRET":"jagadeeswar@123","JWT_EXPIRY":"1h","NODEMAILER_USER":"jagadeeswar079@gmail.com","NODEMAILER_PASS":"ywsb hwwu tpky vsce","RAZORPAY_KEY_ID":"rzp_test_OYOsYO0EkYkTcd","RAZORPAY_SECRET_KEY":"jZlJ8REUiJH1Ksmq4QcTLabV","FIREBASE_CONFIG":"{\"projectId\":\"univo-b6042\",\"storageBucket\":\"univo-b6042.firebasestorage.app\"}","GCLOUD_PROJECT":"univo-b6042","EVENTARC_CLOUD_EVENT_SOURCE":"projects/univo-b6042/locations/us-central1/services/api","FUNCTION_TARGET":"api","LOG_EXECUTION_ID":"true"},"maxInstanceCount":10,"ingressSettings":"ALLOW_ALL","uri":"https://api-jsbzn4xdwa-uc.a.run.app","serviceAccountEmail":"320945078293-compute@developer.gserviceaccount.com","availableMemory":"512Mi","allTrafficOnLatestRevision":true,"revision":"api-00010-cam","maxInstanceRequestConcurrency":80,"availableCpu":"1"},"state":"ACTIVE","labels":{"deployment-tool":"cli-firebase","firebase-functions-hash":"61edce8c959ffe7d4b725ba90dc889f830a18305"},"environment":"GEN_2","url":"https://us-central1-univo-b6042.cloudfunctions.net/api","satisfiesPzi":true},"stages":[{"name":"BUILD","message":"Build finished","state":"COMPLETE","resource":"projects/320945078293/locations/us-central1/builds/2fe46edd-6564-49a3-bf9b-8da8fd2d18d2","resourceUri":"https://console.cloud.google.com/cloud-build/builds;region=us-central1/2fe46edd-6564-49a3-bf9b-8da8fd2d18d2?project=320945078293"},{"name":"SERVICE","state":"NOT_STARTED"}],"sourceToken":"Cldwcm9qZWN0cy8zMjA5NDUwNzgyOTMvbG9jYXRpb25zL3VzLWNlbnRyYWwxL2J1aWxkcy8yZmU0NmVkZC02NTY0LTQ5YTMtYmY5Yi04ZGE4ZmQyZDE4ZDISXnVzLWNlbnRyYWwxLWRvY2tlci5wa2cuZGV2L3VuaXZvLWI2MDQyL2djZi1hcnRpZmFjdHMvdW5pdm8tLWI2MDQyX191cy0tY2VudHJhbDFfX2FwaTp2ZXJzaW9uXzEYlYDFzqsJIjhwcm9qZWN0cy91bml2by1iNjA0Mi9sb2NhdGlvbnMvdXMtY2VudHJhbDEvZnVuY3Rpb25zL2FwaSoMCM7uuMMGENDFlJQDMghub2RlanMyMjp2CiNnY3IuaW8vZ2FlLXJ1bnRpbWVzL25vZGVqczIyOnN0YWJsZRJPdXMtY2VudHJhbDEtZG9ja2VyLnBrZy5kZXYvc2VydmVybGVzcy1ydW50aW1lcy9nb29nbGUtMjItZnVsbC9ydW50aW1lcy9ub2RlanMyMkAB","operationType":"UPDATE_FUNCTION","buildName":"projects/320945078293/locations/us-central1/builds/2fe46edd-6564-49a3-bf9b-8da8fd2d18d2"},"done":false}
[debug] [2025-07-09T09:33:00.416Z] Got source token Cldwcm9qZWN0cy8zMjA5NDUwNzgyOTMvbG9jYXRpb25zL3VzLWNlbnRyYWwxL2J1aWxkcy8yZmU0NmVkZC02NTY0LTQ5YTMtYmY5Yi04ZGE4ZmQyZDE4ZDISXnVzLWNlbnRyYWwxLWRvY2tlci5wa2cuZGV2L3VuaXZvLWI2MDQyL2djZi1hcnRpZmFjdHMvdW5pdm8tLWI2MDQyX191cy0tY2VudHJhbDFfX2FwaTp2ZXJzaW9uXzEYlYDFzqsJIjhwcm9qZWN0cy91bml2by1iNjA0Mi9sb2NhdGlvbnMvdXMtY2VudHJhbDEvZnVuY3Rpb25zL2FwaSoMCM7uuMMGENDFlJQDMghub2RlanMyMjp2CiNnY3IuaW8vZ2FlLXJ1bnRpbWVzL25vZGVqczIyOnN0YWJsZRJPdXMtY2VudHJhbDEtZG9ja2VyLnBrZy5kZXYvc2VydmVybGVzcy1ydW50aW1lcy9nb29nbGUtMjItZnVsbC9ydW50aW1lcy9ub2RlanMyMkAB for region us-central1
[debug] [2025-07-09T09:33:10.424Z] [update-default-us-central1-api] Retrying task index 0
[debug] [2025-07-09T09:33:10.424Z] Checked if tokens are valid: true, expires at: 1752057093034
[debug] [2025-07-09T09:33:10.424Z] Checked if tokens are valid: true, expires at: 1752057093034
[debug] [2025-07-09T09:33:10.424Z] >>> [apiv2][query] GET https://cloudfunctions.googleapis.com/v2/projects/univo-b6042/locations/us-central1/operations/operation-1752053525179-6397bbffeec19-f32b54ed-27bf46d7 [none]
[debug] [2025-07-09T09:33:11.830Z] <<< [apiv2][status] GET https://cloudfunctions.googleapis.com/v2/projects/univo-b6042/locations/us-central1/operations/operation-1752053525179-6397bbffeec19-f32b54ed-27bf46d7 200
[debug] [2025-07-09T09:33:11.830Z] <<< [apiv2][body] GET https://cloudfunctions.googleapis.com/v2/projects/univo-b6042/locations/us-central1/operations/operation-1752053525179-6397bbffeec19-f32b54ed-27bf46d7 {"name":"projects/univo-b6042/locations/us-central1/operations/operation-1752053525179-6397bbffeec19-f32b54ed-27bf46d7","metadata":{"@type":"type.googleapis.com/google.cloud.functions.v2.OperationMetadata","createTime":"2025-07-09T09:32:05.824161449Z","endTime":"2025-07-09T09:33:13.693540321Z","target":"projects/univo-b6042/locations/us-central1/functions/api","verb":"update","cancelRequested":false,"apiVersion":"v2","requestResource":{"@type":"type.googleapis.com/google.cloud.functions.v2.Function","name":"projects/univo-b6042/locations/us-central1/functions/api","buildConfig":{"runtime":"nodejs22","entryPoint":"api","source":{"storageSource":{"bucket":"gcf-v2-sources-320945078293-us-central1","object":"api/function-source.zip","generation":"1752053525764713"}},"environmentVariables":{"GOOGLE_NODE_RUN_SCRIPTS":""},"dockerRepository":"projects/univo-b6042/locations/us-central1/repositories/gcf-artifacts","serviceAccount":"projects/univo-b6042/serviceAccounts/320945078293-compute@developer.gserviceaccount.com","automaticUpdatePolicy":{}},"serviceConfig":{"service":"projects/univo-b6042/locations/us-central1/services/api","timeoutSeconds":60,"environmentVariables":{"GOOGLE_CLOUD_PROJECT_ID":"univo-b6042","GOOGLE_CLOUD_PRIVATE_KEY":"-----BEGIN PRIVATE KEY-----\\nMIIEvQIBADANBgkqhkiG9w0BAQEFAASCBKcwggSjAgEAAoIBAQDFVmPydRCXlANn\\nDhzPj6h3Z2Fl2xATD8oFu+I46CBMAgvQM3dlLmifMjGNx30N4aeXwRrc71uGBjvQ\\nRr17tPCX95Q9ipPUjlQtphVLJcCJSYHklkr6O96sRhUMXn3N2UrPZeXGFdQcwZEN\\nU/CTOwRoJu6Sw49LYzTfC4iZEY7p/0lrAg4WBz5CapguflzEVFvw+sv7O8u9DDDF\\nXTHuNdmZ0oVzJfdzUWju/hx8wMjSRfSXoqxxYwnjtaD+qL42+wgzGtFB5vlmf5/q\\nkI/B3NQ+HMa6LfdTfXLdFNoT/UFXnizAyVzJwN0auDItIhVqDYG2XuLzoyiTviPq\\nfaTpJF1FAgMBAAECggEAM5Ot0cwJByUXcpL8sr9Ab9zkVwPXgrPowHDn4qnA7zzF\\nq6gX96kWjS1ISF8wbzVgYUiGZeJlkHUGoxwqIDAdhgqegys6Eh8VH00+WYLHfNpq\\nib1CYX7OZ0Z17+KujOPTKrveP1SrOMzaxZn/0etl7nbmehOE21ZVlkpkbGVrbfrm\\nmTLbaOkS6jF8mJArco2gKJ0TkndGm075IZPWc5wgzvoyVSPFtqXosaFzgWBnmDYM\\nIhYinlg/bR1+5PmPapzrMkpfU8NXTDwEEHsdurwFiuk5h3jq//CKoSIJ30Wg+hwq\\nuRTJZb95OOBlmxmbYG/VoGsZFDiZ0cSzm3sxI59k7QKBgQDukbnEZnNsaHHNNMEC\\nIfh1K0ujs10n99QVM5O+G0LPIC3EtydpVdSG8TeWsdCj6UweS7zkd+ZSf5+75YkJ\\n8JuSW1DJfebZ3qOd/v4Bth+D/Arql6tS/ibYrToeN1Z7eA/sMuxvHFh19IZvESvq\\nOpAw2MHh2nQVr262Dfo0W09S3wKBgQDTwXPcDL1qWbggkTMyzw9EA1hw95XPRIuh\\njADmRPG/1hDg2NZiUZ+BldfIVRCe+Zm/dTe3YMMRXzMVSkHwNBMfOyrtWuTzlSQl\\nAS5MQiUAKqdeA9Xs+F6mPOB5CU0FomHG8Io6cahxyPxLkYEMnxlFNFh8sTLPPk3D\\nvCjcdnMYWwKBgHMfPR6KNb6lc+0LPOwTinq4Bssa/aQQ0nXcqrm9G/MpWwynOUx6\\nT5FCi4mbisveA45HDALP3QQIdANO019JjTkF+akRqTmPVzMh3l7jDLg7AuWLhPAK\\nlqJOjVIRcBkqqbxYIoHHkuRwuAKWrbNcyUHZB04+hXAFdQ5DFm73dQLPAoGBAJr0\\nA+kxdWYecyt5tSJn/H7Dh/NaaUi7mwXC4mGeb9z2M3GlmvNlUThNQxK4lKoQch51\\nEylgaD4NEN9ycF/qa1e+P0Ji8gkAyOs/OvbYrCS8Ea8tVVzLvs8c2xIW6ULHOY+P\\nM0djJmTlMyHFPs7SmXZXwKy2Kj0XFWa3CJuTHdPjAoGAVdpbLXUf7uPMyh9w/Lbq\\nkisbJ5VeEvdPhqXNIbXr5G8K5guLat2TbkA3SCYifHchaPL3t73lvrur/OqIK2BB\\n6QRIHbfssTfpUuKdwEbpn5O1GditcFI+yID+AH04Yp5ai6QUZFXGGh9mMtEwM5g8\\nzl1xcZnLlymm9BN8REo09yM=\\n-----END PRIVATE KEY-----\\n","GOOGLE_CLOUD_CLIENT_EMAIL":"firebase-adminsdk-fbsvc@univo-b6042.iam.gserviceaccount.com","JWT_SECRET":"jagadeeswar@123","JWT_EXPIRY":"1h","NODEMAILER_USER":"jagadeeswar079@gmail.com","NODEMAILER_PASS":"ywsb hwwu tpky vsce","RAZORPAY_KEY_ID":"rzp_test_OYOsYO0EkYkTcd","RAZORPAY_SECRET_KEY":"jZlJ8REUiJH1Ksmq4QcTLabV","FIREBASE_CONFIG":"{\"projectId\":\"univo-b6042\",\"storageBucket\":\"univo-b6042.firebasestorage.app\"}","GCLOUD_PROJECT":"univo-b6042","EVENTARC_CLOUD_EVENT_SOURCE":"projects/univo-b6042/locations/us-central1/services/api","FUNCTION_TARGET":"api","LOG_EXECUTION_ID":"true"},"maxInstanceCount":10,"ingressSettings":"ALLOW_ALL","uri":"https://api-jsbzn4xdwa-uc.a.run.app","serviceAccountEmail":"320945078293-compute@developer.gserviceaccount.com","availableMemory":"512Mi","allTrafficOnLatestRevision":true,"revision":"api-00010-cam","maxInstanceRequestConcurrency":80,"availableCpu":"1"},"state":"ACTIVE","labels":{"deployment-tool":"cli-firebase","firebase-functions-hash":"61edce8c959ffe7d4b725ba90dc889f830a18305"},"environment":"GEN_2","url":"https://us-central1-univo-b6042.cloudfunctions.net/api","satisfiesPzi":true},"stages":[{"name":"SERVICE","state":"NOT_STARTED"}],"operationType":"UPDATE_FUNCTION"},"done":true,"error":{"code":3,"message":"Could not create or update Cloud Run service api, Container Healthcheck failed. Revision 'api-00011-boc' is not ready and cannot serve traffic. The user-provided container failed to start and listen on the port defined provided by the PORT=8080 environment variable within the allocated timeout. This can happen when the container port is misconfigured or if the timeout is too short. The health check timeout can be extended. Logs for this revision might contain more information.\n\nLogs URL: https://console.cloud.google.com/logs/viewer?project=univo-b6042&resource=cloud_run_revision/service_name/api/revision_name/api-00011-boc&advancedFilter=resource.type%3D%22cloud_run_revision%22%0Aresource.labels.service_name%3D%22api%22%0Aresource.labels.revision_name%3D%22api-00011-boc%22 \nFor more troubleshooting guidance, see https://cloud.google.com/run/docs/troubleshooting#container-failed-to-start"}}
[debug] [2025-07-09T09:33:11.830Z] Got source token undefined for region us-central1
[error] Could not create or update Cloud Run service api, Container Healthcheck failed. Revision 'api-00011-boc' is not ready and cannot serve traffic. The user-provided container failed to start and listen on the port defined provided by the PORT=8080 environment variable within the allocated timeout. This can happen when the container port is misconfigured or if the timeout is too short. The health check timeout can be extended. Logs for this revision might contain more information.

Logs URL: https://console.cloud.google.com/logs/viewer?project=univo-b6042&resource=cloud_run_revision/service_name/api/revision_name/api-00011-boc&advancedFilter=resource.type%3D%22cloud_run_revision%22%0Aresource.labels.service_name%3D%22api%22%0Aresource.labels.revision_name%3D%22api-00011-boc%22 
For more troubleshooting guidance, see https://cloud.google.com/run/docs/troubleshooting#container-failed-to-start
[debug] [2025-07-09T09:33:11.835Z] Total Function Deployment time: 70666
[debug] [2025-07-09T09:33:11.835Z] 1 Functions Deployed
[debug] [2025-07-09T09:33:11.835Z] 1 Functions Errored
[debug] [2025-07-09T09:33:11.835Z] 0 Function Deployments Aborted
[debug] [2025-07-09T09:33:11.835Z] Average Function Deployment time: 70665
[info] 
[info] Functions deploy had errors with the following functions:
	api(us-central1)
[debug] [2025-07-09T09:33:12.088Z] Not printing URL for HTTPS function. Typically this means it didn't match a filter or we failed deployment
[debug] [2025-07-09T09:33:12.089Z] Checked if tokens are valid: true, expires at: 1752057093034
[debug] [2025-07-09T09:33:12.089Z] Checked if tokens are valid: true, expires at: 1752057093034
[debug] [2025-07-09T09:33:12.089Z] >>> [apiv2][query] GET https://artifactregistry.googleapis.com/v1/projects/univo-b6042/locations/us-central1/repositories/gcf-artifacts [none]
[debug] [2025-07-09T09:33:12.542Z] <<< [apiv2][status] GET https://artifactregistry.googleapis.com/v1/projects/univo-b6042/locations/us-central1/repositories/gcf-artifacts 200
[debug] [2025-07-09T09:33:12.542Z] <<< [apiv2][body] GET https://artifactregistry.googleapis.com/v1/projects/univo-b6042/locations/us-central1/repositories/gcf-artifacts {"name":"projects/univo-b6042/locations/us-central1/repositories/gcf-artifacts","format":"DOCKER","description":"This repository is created and used by Cloud Functions for storing function docker images.","labels":{"goog-managed-by":"cloudfunctions"},"createTime":"2025-07-09T03:20:27.541670Z","updateTime":"2025-07-09T09:32:55.659202Z","mode":"STANDARD_REPOSITORY","cleanupPolicies":{"firebase-functions-cleanup":{"id":"firebase-functions-cleanup","action":"DELETE","condition":{"tagState":"ANY","olderThan":"432000s"}}},"sizeBytes":"350514065","vulnerabilityScanningConfig":{"lastEnableTime":"2025-07-09T03:20:19.075328266Z","enablementState":"SCANNING_DISABLED","enablementStateReason":"API containerscanning.googleapis.com is not enabled."},"satisfiesPzi":true,"registryUri":"us-central1-docker.pkg.dev/univo-b6042/gcf-artifacts"}
[debug] [2025-07-09T09:33:12.542Z] Functions deploy failed.
[debug] [2025-07-09T09:33:12.542Z] {
  "endpoint": {
    "id": "api",
    "project": "univo-b6042",
    "region": "us-central1",
    "entryPoint": "api",
    "platform": "gcfv2",
    "runtime": "nodejs22",
    "httpsTrigger": {},
    "labels": {
      "deployment-tool": "cli-firebase"
    },
    "serviceAccount": null,
    "ingressSettings": null,
    "availableMemoryMb": 512,
    "timeoutSeconds": 60,
    "maxInstances": 10,
    "minInstances": null,
    "concurrency": 80,
    "vpc": null,
    "environmentVariables": {
      "GOOGLE_CLOUD_PROJECT_ID": "univo-b6042",
      "GOOGLE_CLOUD_PRIVATE_KEY": "-----BEGIN PRIVATE KEY-----\\nMIIEvQIBADANBgkqhkiG9w0BAQEFAASCBKcwggSjAgEAAoIBAQDFVmPydRCXlANn\\nDhzPj6h3Z2Fl2xATD8oFu+I46CBMAgvQM3dlLmifMjGNx30N4aeXwRrc71uGBjvQ\\nRr17tPCX95Q9ipPUjlQtphVLJcCJSYHklkr6O96sRhUMXn3N2UrPZeXGFdQcwZEN\\nU/CTOwRoJu6Sw49LYzTfC4iZEY7p/0lrAg4WBz5CapguflzEVFvw+sv7O8u9DDDF\\nXTHuNdmZ0oVzJfdzUWju/hx8wMjSRfSXoqxxYwnjtaD+qL42+wgzGtFB5vlmf5/q\\nkI/B3NQ+HMa6LfdTfXLdFNoT/UFXnizAyVzJwN0auDItIhVqDYG2XuLzoyiTviPq\\nfaTpJF1FAgMBAAECggEAM5Ot0cwJByUXcpL8sr9Ab9zkVwPXgrPowHDn4qnA7zzF\\nq6gX96kWjS1ISF8wbzVgYUiGZeJlkHUGoxwqIDAdhgqegys6Eh8VH00+WYLHfNpq\\nib1CYX7OZ0Z17+KujOPTKrveP1SrOMzaxZn/0etl7nbmehOE21ZVlkpkbGVrbfrm\\nmTLbaOkS6jF8mJArco2gKJ0TkndGm075IZPWc5wgzvoyVSPFtqXosaFzgWBnmDYM\\nIhYinlg/bR1+5PmPapzrMkpfU8NXTDwEEHsdurwFiuk5h3jq//CKoSIJ30Wg+hwq\\nuRTJZb95OOBlmxmbYG/VoGsZFDiZ0cSzm3sxI59k7QKBgQDukbnEZnNsaHHNNMEC\\nIfh1K0ujs10n99QVM5O+G0LPIC3EtydpVdSG8TeWsdCj6UweS7zkd+ZSf5+75YkJ\\n8JuSW1DJfebZ3qOd/v4Bth+D/Arql6tS/ibYrToeN1Z7eA/sMuxvHFh19IZvESvq\\nOpAw2MHh2nQVr262Dfo0W09S3wKBgQDTwXPcDL1qWbggkTMyzw9EA1hw95XPRIuh\\njADmRPG/1hDg2NZiUZ+BldfIVRCe+Zm/dTe3YMMRXzMVSkHwNBMfOyrtWuTzlSQl\\nAS5MQiUAKqdeA9Xs+F6mPOB5CU0FomHG8Io6cahxyPxLkYEMnxlFNFh8sTLPPk3D\\nvCjcdnMYWwKBgHMfPR6KNb6lc+0LPOwTinq4Bssa/aQQ0nXcqrm9G/MpWwynOUx6\\nT5FCi4mbisveA45HDALP3QQIdANO019JjTkF+akRqTmPVzMh3l7jDLg7AuWLhPAK\\nlqJOjVIRcBkqqbxYIoHHkuRwuAKWrbNcyUHZB04+hXAFdQ5DFm73dQLPAoGBAJr0\\nA+kxdWYecyt5tSJn/H7Dh/NaaUi7mwXC4mGeb9z2M3GlmvNlUThNQxK4lKoQch51\\nEylgaD4NEN9ycF/qa1e+P0Ji8gkAyOs/OvbYrCS8Ea8tVVzLvs8c2xIW6ULHOY+P\\nM0djJmTlMyHFPs7SmXZXwKy2Kj0XFWa3CJuTHdPjAoGAVdpbLXUf7uPMyh9w/Lbq\\nkisbJ5VeEvdPhqXNIbXr5G8K5guLat2TbkA3SCYifHchaPL3t73lvrur/OqIK2BB\\n6QRIHbfssTfpUuKdwEbpn5O1GditcFI+yID+AH04Yp5ai6QUZFXGGh9mMtEwM5g8\\nzl1xcZnLlymm9BN8REo09yM=\\n-----END PRIVATE KEY-----\\n",
      "GOOGLE_CLOUD_CLIENT_EMAIL": "firebase-adminsdk-fbsvc@univo-b6042.iam.gserviceaccount.com",
      "JWT_SECRET": "jagadeeswar@123",
      "JWT_EXPIRY": "1h",
      "NODEMAILER_USER": "jagadeeswar079@gmail.com",
      "NODEMAILER_PASS": "ywsb hwwu tpky vsce",
      "RAZORPAY_KEY_ID": "rzp_test_OYOsYO0EkYkTcd",
      "RAZORPAY_SECRET_KEY": "jZlJ8REUiJH1Ksmq4QcTLabV",
      "FIREBASE_CONFIG": "{\"projectId\":\"univo-b6042\",\"storageBucket\":\"univo-b6042.firebasestorage.app\"}",
      "GCLOUD_PROJECT": "univo-b6042",
      "EVENTARC_CLOUD_EVENT_SOURCE": "projects/univo-b6042/locations/us-central1/services/api"
    },
    "codebase": "default",
    "runServiceId": "api",
    "cpu": 1,
    "securityLevel": "SECURE_ALWAYS",
    "targetedByOnly": false,
    "hash": "61edce8c959ffe7d4b725ba90dc889f830a18305"
  },
  "op": "update",
  "original": {
    "name": "FirebaseError",
    "children": [],
    "exit": 1,
    "message": "Could not create or update Cloud Run service api, Container Healthcheck failed. Revision 'api-00011-boc' is not ready and cannot serve traffic. The user-provided container failed to start and listen on the port defined provided by the PORT=8080 environment variable within the allocated timeout. This can happen when the container port is misconfigured or if the timeout is too short. The health check timeout can be extended. Logs for this revision might contain more information.\n\nLogs URL: https://console.cloud.google.com/logs/viewer?project=univo-b6042&resource=cloud_run_revision/service_name/api/revision_name/api-00011-boc&advancedFilter=resource.type%3D%22cloud_run_revision%22%0Aresource.labels.service_name%3D%22api%22%0Aresource.labels.revision_name%3D%22api-00011-boc%22 \nFor more troubleshooting guidance, see https://cloud.google.com/run/docs/troubleshooting#container-failed-to-start",
    "original": {
      "code": 3,
      "message": "Could not create or update Cloud Run service api, Container Healthcheck failed. Revision 'api-00011-boc' is not ready and cannot serve traffic. The user-provided container failed to start and listen on the port defined provided by the PORT=8080 environment variable within the allocated timeout. This can happen when the container port is misconfigured or if the timeout is too short. The health check timeout can be extended. Logs for this revision might contain more information.\n\nLogs URL: https://console.cloud.google.com/logs/viewer?project=univo-b6042&resource=cloud_run_revision/service_name/api/revision_name/api-00011-boc&advancedFilter=resource.type%3D%22cloud_run_revision%22%0Aresource.labels.service_name%3D%22api%22%0Aresource.labels.revision_name%3D%22api-00011-boc%22 \nFor more troubleshooting guidance, see https://cloud.google.com/run/docs/troubleshooting#container-failed-to-start"
    },
    "status": 3,
    "code": 3
  }
}
[debug] [2025-07-09T09:33:12.677Z] Error: Failed to update function api in region us-central1
    at C:\Users\jagad\AppData\Roaming\npm\node_modules\firebase-tools\lib\deploy\functions\release\fabricator.js:399:19
    at process.processTicksAndRejections (node:internal/process/task_queues:105:5)
    at async Fabricator.updateV2Function (C:\Users\jagad\AppData\Roaming\npm\node_modules\firebase-tools\lib\deploy\functions\release\fabricator.js:388:32)
    at async Fabricator.updateEndpoint (C:\Users\jagad\AppData\Roaming\npm\node_modules\firebase-tools\lib\deploy\functions\release\fabricator.js:155:13)
    at async handle (C:\Users\jagad\AppData\Roaming\npm\node_modules\firebase-tools\lib\deploy\functions\release\fabricator.js:89:17)
[error] 
[error] Error: There was an error deploying functions
